ALC001,Autauga,AL,Alabama
ALC003,Baldwin,AL,Alabama
ALC005,Barbour,AL,Alabama
ALC007,Bibb,AL,Alabama
ALC009,Blount,AL,Alabama
ALC011,Bullock,AL,Alabama
ALC013,Butler,AL,Alabama
ALC015,Calhoun,AL,Alabama
ALC017,Chambers,AL,Alabama
ALC019,Cherokee,AL,Alabama
ALC021,Chilton,AL,Alabama
ALC023,Choctaw,AL,Alabama
ALC025,Clarke,AL,Alabama
ALC027,Clay,AL,Alabama
ALC029,Cleburne,AL,Alabama
ALC031,Coffee,AL,Alabama
ALC033,Colbert,AL,Alabama
ALC035,Conecuh,AL,Alabama
ALC037,Coosa,AL,Alabama
ALC039,Covington,AL,Alabama
ALC041,Crenshaw,AL,Alabama
ALC043,Cullman,AL,Alabama
ALC045,Dale,AL,Alabama
ALC047,Dallas,AL,Alabama
ALC049,DeKalb,AL,Alabama
ALC051,Elmore,AL,Alabama
ALC053,Escambia,AL,Alabama
ALC055,Etowah,AL,Alabama
ALC057,Fayette,AL,Alabama
ALC059,Franklin,AL,Alabama
ALC061,Geneva,AL,Alabama
ALC063,Greene,AL,Alabama
ALC065,Hale,AL,Alabama
ALC067,Henry,AL,Alabama
ALC069,Houston,AL,Alabama
ALC071,Jackson,AL,Alabama
ALC073,Jefferson,AL,Alabama
ALC075,Lamar,AL,Alabama
ALC077,Lauderdale,AL,Alabama
ALC079,Lawrence,AL,Alabama
ALC081,Lee,AL,Alabama
ALC083,Limestone,AL,Alabama
ALC085,Lowndes,AL,Alabama
ALC087,Macon,AL,Alabama
ALC089,Madison,AL,Alabama
ALC091,Marengo,AL,Alabama
ALC093,Marion,AL,Alabama
ALC095,Marshall,AL,Alabama
ALC097,Mobile,AL,Alabama
ALC099,Monroe,AL,Alabama
ALC101,Montgomery,AL,Alabama
ALC103,Morgan,AL,Alabama
ALC105,Perry,AL,Alabama
ALC107,Pickens,AL,Alabama
ALC109,Pike,AL,Alabama
ALC111,Randolph,AL,Alabama
ALC113,Russell,AL,Alabama
ALC117,Shelby,AL,Alabama
ALC115,St. Clair,AL,Alabama
ALC119,Sumter,AL,Alabama
ALC121,Talladega,AL,Alabama
ALC123,Tallapoosa,AL,Alabama
ALC125,Tuscaloosa,AL,Alabama
ALC127,Walker,AL,Alabama
ALC129,Washington,AL,Alabama
ALC131,Wilcox,AL,Alabama
ALC133,Winston,AL,Alabama
AKC013,Aleutians East,AK,Alaska
AKC016,Aleutians West,AK,Alaska
AKC020,Anchorage,AK,Alaska
AKC050,Bethel,AK,Alaska
AKC060,Bristol Bay,AK,Alaska
AKC068,Denali,AK,Alaska
AKC070,Dillingham,AK,Alaska
AKC090,Fairbanks North Star,AK,Alaska
AKC100,Haines,AK,Alaska
AKC105,Hoonah-Angoon,AK,Alaska
AKC110,Juneau,AK,Alaska
AKC122,Kenai Peninsula,AK,Alaska
AKC130,Ketchikan Gateway,AK,Alaska
AKC150,Kodiak Island,AK,Alaska
AKC164,Lake and Peninsula,AK,Alaska
AKC170,Matanuska-Susitna,AK,Alaska
AKC180,Nome,AK,Alaska
AKC185,North Slope,AK,Alaska
AKC188,Northwest Arctic,AK,Alaska
AKC195,Petersburg Census Area,AK,Alaska
AKC198,Prince of Wales-Hyder,AK,Alaska
AKC220,Sitka,AK,Alaska
AKC230,Skagway,AK,Alaska
AKC240,Southeast Fairbanks,AK,Alaska
AKC261,Valdez-Cordova,AK,Alaska
AKC270,Wade Hampton,AK,Alaska
AKC275,Wrangell,AK,Alaska
AKC282,Yakutat,AK,Alaska
AKC290,Yukon-Koyukuk,AK,Alaska
ASC010,Eastern,AS,American Samoa
ASC020,Manu'a,AS,American Samoa
ASC040,Swains Island,AS,American Samoa
ASC050,Western,AS,American Samoa
AZC001,Apache,AZ,Arizona
AZC003,Cochise,AZ,Arizona
AZC005,Coconino,AZ,Arizona
AZC007,Gila,AZ,Arizona
AZC009,Graham,AZ,Arizona
AZC011,Greenlee,AZ,Arizona
AZC012,La Paz,AZ,Arizona
AZC013,Maricopa,AZ,Arizona
AZC015,Mohave,AZ,Arizona
AZC017,Navajo,AZ,Arizona
AZC019,Pima,AZ,Arizona
AZC021,Pinal,AZ,Arizona
AZC023,Santa Cruz,AZ,Arizona
AZC025,Yavapai,AZ,Arizona
AZC027,Yuma,AZ,Arizona
ARC001,Arkansas,AR,Arkansas
ARC003,Ashley,AR,Arkansas
ARC005,Baxter,AR,Arkansas
ARC007,Benton,AR,Arkansas
ARC009,Boone,AR,Arkansas
ARC011,Bradley,AR,Arkansas
ARC013,Calhoun,AR,Arkansas
ARC015,Carroll,AR,Arkansas
ARC017,Chicot,AR,Arkansas
ARC019,Clark,AR,Arkansas
ARC021,Clay,AR,Arkansas
ARC023,Cleburne,AR,Arkansas
ARC025,Cleveland,AR,Arkansas
ARC027,Columbia,AR,Arkansas
ARC029,Conway,AR,Arkansas
ARC031,Craighead,AR,Arkansas
ARC033,Crawford,AR,Arkansas
ARC035,Crittenden,AR,Arkansas
ARC037,Cross,AR,Arkansas
ARC039,Dallas,AR,Arkansas
ARC041,Desha,AR,Arkansas
ARC043,Drew,AR,Arkansas
ARC045,Faulkner,AR,Arkansas
ARC047,Franklin,AR,Arkansas
ARC049,Fulton,AR,Arkansas
ARC051,Garland,AR,Arkansas
ARC053,Grant,AR,Arkansas
ARC055,Greene,AR,Arkansas
ARC057,Hempstead,AR,Arkansas
ARC059,Hot Spring,AR,Arkansas
ARC061,Howard,AR,Arkansas
ARC063,Independence,AR,Arkansas
ARC065,Izard,AR,Arkansas
ARC067,Jackson,AR,Arkansas
ARC069,Jefferson,AR,Arkansas
ARC071,Johnson,AR,Arkansas
ARC073,Lafayette,AR,Arkansas
ARC075,Lawrence,AR,Arkansas
ARC077,Lee,AR,Arkansas
ARC079,Lincoln,AR,Arkansas
ARC081,Little River,AR,Arkansas
ARC083,Logan,AR,Arkansas
ARC085,Lonoke,AR,Arkansas
ARC087,Madison,AR,Arkansas
ARC089,Marion,AR,Arkansas
ARC091,Miller,AR,Arkansas
ARC093,Mississippi,AR,Arkansas
ARC095,Monroe,AR,Arkansas
ARC097,Montgomery,AR,Arkansas
ARC099,Nevada,AR,Arkansas
ARC101,Newton,AR,Arkansas
ARC103,Ouachita,AR,Arkansas
ARC105,Perry,AR,Arkansas
ARC107,Phillips,AR,Arkansas
ARC109,Pike,AR,Arkansas
ARC111,Poinsett,AR,Arkansas
ARC113,Polk,AR,Arkansas
ARC115,Pope,AR,Arkansas
ARC117,Prairie,AR,Arkansas
ARC119,Pulaski,AR,Arkansas
ARC121,Randolph,AR,Arkansas
ARC125,Saline,AR,Arkansas
ARC127,Scott,AR,Arkansas
ARC129,Searcy,AR,Arkansas
ARC131,Sebastian,AR,Arkansas
ARC133,Sevier,AR,Arkansas
ARC135,Sharp,AR,Arkansas
ARC123,St. Francis,AR,Arkansas
ARC137,Stone,AR,Arkansas
ARC139,Union,AR,Arkansas
ARC141,Van Buren,AR,Arkansas
ARC143,Washington,AR,Arkansas
ARC145,White,AR,Arkansas
ARC147,Woodruff,AR,Arkansas
ARC149,Yell,AR,Arkansas
CAC001,Alameda,CA,California
CAC003,Alpine,CA,California
CAC005,Amador,CA,California
CAC007,Butte,CA,California
CAC009,Calaveras,CA,California
CAC011,Colusa,CA,California
CAC013,Contra Costa,CA,California
CAC015,Del Norte,CA,California
CAC017,El Dorado,CA,California
CAC019,Fresno,CA,California
CAC021,Glenn,CA,California
CAC023,Humboldt,CA,California
CAC025,Imperial,CA,California
CAC027,Inyo,CA,California
CAC029,Kern,CA,California
CAC031,Kings,CA,California
CAC033,Lake,CA,California
CAC035,Lassen,CA,California
CAC037,Los Angeles,CA,California
CAC039,Madera,CA,California
CAC041,Marin,CA,California
CAC043,Mariposa,CA,California
CAC045,Mendocino,CA,California
CAC047,Merced,CA,California
CAC049,Modoc,CA,California
CAC051,Mono,CA,California
CAC053,Monterey,CA,California
CAC055,Napa,CA,California
CAC057,Nevada,CA,California
CAC059,Orange,CA,California
CAC061,Placer,CA,California
CAC063,Plumas,CA,California
CAC065,Riverside,CA,California
CAC067,Sacramento,CA,California
CAC069,San Benito,CA,California
CAC071,San Bernardino,CA,California
CAC073,San Diego,CA,California
CAC075,San Francisco,CA,California
CAC077,San Joaquin,CA,California
CAC079,San Luis Obispo,CA,California
CAC081,San Mateo,CA,California
CAC083,Santa Barbara,CA,California
CAC085,Santa Clara,CA,California
CAC087,Santa Cruz,CA,California
CAC089,Shasta,CA,California
CAC091,Sierra,CA,California
CAC093,Siskiyou,CA,California
CAC095,Solano,CA,California
CAC097,Sonoma,CA,California
CAC099,Stanislaus,CA,California
CAC101,Sutter,CA,California
CAC103,Tehama,CA,California
CAC105,Trinity,CA,California
CAC107,Tulare,CA,California
CAC109,Tuolumne,CA,California
CAC111,Ventura,CA,California
CAC113,Yolo,CA,California
CAC115,Yuba,CA,California
COC001,Adams,CO,Colorado
COC003,Alamosa,CO,Colorado
COC005,Arapahoe,CO,Colorado
COC007,Archuleta,CO,Colorado
COC009,Baca,CO,Colorado
COC011,Bent,CO,Colorado
COC013,Boulder,CO,Colorado
COC014,Broomfield,CO,Colorado
COC015,Chaffee,CO,Colorado
COC017,Cheyenne,CO,Colorado
COC019,Clear Creek,CO,Colorado
COC021,Conejos,CO,Colorado
COC023,Costilla,CO,Colorado
COC025,Crowley,CO,Colorado
COC027,Custer,CO,Colorado
COC029,Delta,CO,Colorado
COC031,Denver,CO,Colorado
COC033,Dolores,CO,Colorado
COC035,Douglas,CO,Colorado
COC037,Eagle,CO,Colorado
COC041,El Paso,CO,Colorado
COC039,Elbert,CO,Colorado
COC043,Fremont,CO,Colorado
COC045,Garfield,CO,Colorado
COC047,Gilpin,CO,Colorado
COC049,Grand,CO,Colorado
COC051,Gunnison,CO,Colorado
COC053,Hinsdale,CO,Colorado
COC055,Huerfano,CO,Colorado
COC057,Jackson,CO,Colorado
COC059,Jefferson,CO,Colorado
COC061,Kiowa,CO,Colorado
COC063,Kit Carson,CO,Colorado
COC067,La Plata,CO,Colorado
COC065,Lake,CO,Colorado
COC069,Larimer,CO,Colorado
COC071,Las Animas,CO,Colorado
COC073,Lincoln,CO,Colorado
COC075,Logan,CO,Colorado
COC077,Mesa,CO,Colorado
COC079,Mineral,CO,Colorado
COC081,Moffat,CO,Colorado
COC083,Montezuma,CO,Colorado
COC085,Montrose,CO,Colorado
COC087,Morgan,CO,Colorado
COC089,Otero,CO,Colorado
COC091,Ouray,CO,Colorado
COC093,Park,CO,Colorado
COC095,Phillips,CO,Colorado
COC097,Pitkin,CO,Colorado
COC099,Prowers,CO,Colorado
COC101,Pueblo,CO,Colorado
COC103,Rio Blanco,CO,Colorado
COC105,Rio Grande,CO,Colorado
COC107,Routt,CO,Colorado
COC109,Saguache,CO,Colorado
COC111,San Juan,CO,Colorado
COC113,San Miguel,CO,Colorado
COC115,Sedgwick,CO,Colorado
COC117,Summit,CO,Colorado
COC119,Teller,CO,Colorado
COC121,Washington,CO,Colorado
COC123,Weld,CO,Colorado
COC125,Yuma,CO,Colorado
CTC001,Fairfield,CT,Connecticut
CTC003,Hartford,CT,Connecticut
CTC005,Litchfield,CT,Connecticut
CTC007,Middlesex,CT,Connecticut
CTC009,New Haven,CT,Connecticut
CTC011,New London,CT,Connecticut
CTC013,Tolland,CT,Connecticut
CTC015,Windham,CT,Connecticut
DEC001,Kent,DE,Delaware
DEC003,New Castle,DE,Delaware
DEC005,Sussex,DE,Delaware
DCC001,District of Columbia,DC,District of Columbia
FLC001,Alachua,FL,Florida
FLC003,Baker,FL,Florida
FLC005,Bay,FL,Florida
FLC007,Bradford,FL,Florida
FLC009,Brevard,FL,Florida
FLC011,Broward,FL,Florida
FLC013,Calhoun,FL,Florida
FLC015,Charlotte,FL,Florida
FLC017,Citrus,FL,Florida
FLC019,Clay,FL,Florida
FLC021,Collier,FL,Florida
FLC023,Columbia,FL,Florida
FLC027,DeSoto,FL,Florida
FLC029,Dixie,FL,Florida
FLC031,Duval,FL,Florida
FLC033,Escambia,FL,Florida
FLC035,Flagler,FL,Florida
FLC037,Franklin,FL,Florida
FLC039,Gadsden,FL,Florida
FLC041,Gilchrist,FL,Florida
FLC043,Glades,FL,Florida
FLC045,Gulf,FL,Florida
FLC047,Hamilton,FL,Florida
FLC049,Hardee,FL,Florida
FLC051,Hendry,FL,Florida
FLC053,Hernando,FL,Florida
FLC055,Highlands,FL,Florida
FLC057,Hillsborough,FL,Florida
FLC059,Holmes,FL,Florida
FLC061,Indian River,FL,Florida
FLC063,Jackson,FL,Florida
FLC065,Jefferson,FL,Florida
FLC067,Lafayette,FL,Florida
FLC069,Lake,FL,Florida
FLC071,Lee,FL,Florida
FLC073,Leon,FL,Florida
FLC075,Levy,FL,Florida
FLC077,Liberty,FL,Florida
FLC079,Madison,FL,Florida
FLC087,Mainland Monroe,FL,Florida
FLC081,Manatee,FL,Florida
FLC083,Marion,FL,Florida
FLC085,Martin,FL,Florida
FLC086,Miami-Dade,FL,Florida
FLC089,Nassau,FL,Florida
FLC091,Okaloosa,FL,Florida
FLC093,Okeechobee,FL,Florida
FLC095,Orange,FL,Florida
FLC097,Osceola,FL,Florida
FLC099,Palm Beach,FL,Florida
FLC101,Pasco,FL,Florida
FLC103,Pinellas,FL,Florida
FLC105,Polk,FL,Florida
FLC107,Putnam,FL,Florida
FLC113,Santa Rosa,FL,Florida
FLC115,Sarasota,FL,Florida
FLC117,Seminole,FL,Florida
FLC109,St. Johns,FL,Florida
FLC111,St. Lucie,FL,Florida
FLC119,Sumter,FL,Florida
FLC121,Suwannee,FL,Florida
FLC123,Taylor,FL,Florida
FLC125,Union,FL,Florida
FLC127,Volusia,FL,Florida
FLC129,Wakulla,FL,Florida
FLC131,Walton,FL,Florida
FLC133,Washington,FL,Florida
GAC001,Appling,GA,Georgia
GAC003,Atkinson,GA,Georgia
GAC005,Bacon,GA,Georgia
GAC007,Baker,GA,Georgia
GAC009,Baldwin,GA,Georgia
GAC011,Banks,GA,Georgia
GAC013,Barrow,GA,Georgia
GAC015,Bartow,GA,Georgia
GAC017,Ben Hill,GA,Georgia
GAC019,Berrien,GA,Georgia
GAC021,Bibb,GA,Georgia
GAC023,Bleckley,GA,Georgia
GAC025,Brantley,GA,Georgia
GAC027,Brooks,GA,Georgia
GAC029,Bryan,GA,Georgia
GAC031,Bulloch,GA,Georgia
GAC033,Burke,GA,Georgia
GAC035,Butts,GA,Georgia
GAC037,Calhoun,GA,Georgia
GAC039,Camden,GA,Georgia
GAC043,Candler,GA,Georgia
GAC045,Carroll,GA,Georgia
GAC047,Catoosa,GA,Georgia
GAC049,Charlton,GA,Georgia
GAC051,Chatham,GA,Georgia
GAC053,Chattahoochee,GA,Georgia
GAC055,Chattooga,GA,Georgia
GAC057,Cherokee,GA,Georgia
GAC059,Clarke,GA,Georgia
GAC061,Clay,GA,Georgia
GAC063,Clayton,GA,Georgia
GAC065,Clinch,GA,Georgia
GAC067,Cobb,GA,Georgia
GAC069,Coffee,GA,Georgia
GAC071,Colquitt,GA,Georgia
GAC073,Columbia,GA,Georgia
GAC075,Cook,GA,Georgia
GAC077,Coweta,GA,Georgia
GAC079,Crawford,GA,Georgia
GAC081,Crisp,GA,Georgia
GAC083,Dade,GA,Georgia
GAC085,Dawson,GA,Georgia
GAC089,DeKalb,GA,Georgia
GAC087,Decatur,GA,Georgia
GAC091,Dodge,GA,Georgia
GAC093,Dooly,GA,Georgia
GAC095,Dougherty,GA,Georgia
GAC097,Douglas,GA,Georgia
GAC099,Early,GA,Georgia
GAC101,Echols,GA,Georgia
GAC103,Effingham,GA,Georgia
GAC105,Elbert,GA,Georgia
GAC107,Emanuel,GA,Georgia
GAC109,Evans,GA,Georgia
GAC111,Fannin,GA,Georgia
GAC113,Fayette,GA,Georgia
GAC115,Floyd,GA,Georgia
GAC117,Forsyth,GA,Georgia
GAC119,Franklin,GA,Georgia
GAC121,Fulton,GA,Georgia
GAC123,Gilmer,GA,Georgia
GAC125,Glascock,GA,Georgia
GAC127,Glynn,GA,Georgia
GAC129,Gordon,GA,Georgia
GAC131,Grady,GA,Georgia
GAC133,Greene,GA,Georgia
GAC135,Gwinnett,GA,Georgia
GAC137,Habersham,GA,Georgia
GAC139,Hall,GA,Georgia
GAC141,Hancock,GA,Georgia
GAC143,Haralson,GA,Georgia
GAC145,Harris,GA,Georgia
GAC147,Hart,GA,Georgia
GAC149,Heard,GA,Georgia
GAC151,Henry,GA,Georgia
GAC153,Houston,GA,Georgia
GAC155,Irwin,GA,Georgia
GAC157,Jackson,GA,Georgia
GAC159,Jasper,GA,Georgia
GAC161,Jeff Davis,GA,Georgia
GAC163,Jefferson,GA,Georgia
GAC165,Jenkins,GA,Georgia
GAC167,Johnson,GA,Georgia
GAC169,Jones,GA,Georgia
GAC171,Lamar,GA,Georgia
GAC173,Lanier,GA,Georgia
GAC175,Laurens,GA,Georgia
GAC177,Lee,GA,Georgia
GAC179,Liberty,GA,Georgia
GAC181,Lincoln,GA,Georgia
GAC183,Long,GA,Georgia
GAC185,Lowndes,GA,Georgia
GAC187,Lumpkin,GA,Georgia
GAC193,Macon,GA,Georgia
GAC195,Madison,GA,Georgia
GAC197,Marion,GA,Georgia
GAC189,McDuffie,GA,Georgia
GAC191,McIntosh,GA,Georgia
GAC199,Meriwether,GA,Georgia
GAC201,Miller,GA,Georgia
GAC205,Mitchell,GA,Georgia
GAC207,Monroe,GA,Georgia
GAC209,Montgomery,GA,Georgia
GAC211,Morgan,GA,Georgia
GAC213,Murray,GA,Georgia
GAC215,Muscogee,GA,Georgia
GAC217,Newton,GA,Georgia
GAC219,Oconee,GA,Georgia
GAC221,Oglethorpe,GA,Georgia
GAC223,Paulding,GA,Georgia
GAC225,Peach,GA,Georgia
GAC227,Pickens,GA,Georgia
GAC229,Pierce,GA,Georgia
GAC231,Pike,GA,Georgia
GAC233,Polk,GA,Georgia
GAC235,Pulaski,GA,Georgia
GAC237,Putnam,GA,Georgia
GAC239,Quitman,GA,Georgia
GAC241,Rabun,GA,Georgia
GAC243,Randolph,GA,Georgia
GAC245,Richmond,GA,Georgia
GAC247,Rockdale,GA,Georgia
GAC249,Schley,GA,Georgia
GAC251,Screven,GA,Georgia
GAC253,Seminole,GA,Georgia
GAC255,Spalding,GA,Georgia
GAC257,Stephens,GA,Georgia
GAC259,Stewart,GA,Georgia
GAC261,Sumter,GA,Georgia
GAC263,Talbot,GA,Georgia
GAC265,Taliaferro,GA,Georgia
GAC267,Tattnall,GA,Georgia
GAC269,Taylor,GA,Georgia
GAC271,Telfair,GA,Georgia
GAC273,Terrell,GA,Georgia
GAC275,Thomas,GA,Georgia
GAC277,Tift,GA,Georgia
GAC279,Toombs,GA,Georgia
GAC281,Towns,GA,Georgia
GAC283,Treutlen,GA,Georgia
GAC285,Troup,GA,Georgia
GAC287,Turner,GA,Georgia
GAC289,Twiggs,GA,Georgia
GAC291,Union,GA,Georgia
GAC293,Upson,GA,Georgia
GAC295,Walker,GA,Georgia
GAC297,Walton,GA,Georgia
GAC299,Ware,GA,Georgia
GAC301,Warren,GA,Georgia
GAC303,Washington,GA,Georgia
GAC305,Wayne,GA,Georgia
GAC307,Webster,GA,Georgia
GAC309,Wheeler,GA,Georgia
GAC311,White,GA,Georgia
GAC313,Whitfield,GA,Georgia
GAC315,Wilcox,GA,Georgia
GAC317,Wilkes,GA,Georgia
GAC319,Wilkinson,GA,Georgia
GAC321,Worth,GA,Georgia
GUC010,Guam,GU,Guam
GUC085,Northern Islands,GU,Guam
GUC100,Rota,GU,Guam
GUC110,Saipan,GU,Guam
GUC120,Tinian,GU,Guam
HIC001,Hawaii,HI,Hawaii
HIC009,Kahoolawe,HI,Hawaii
HIC007,Niihau,HI,Hawaii
HIC003,Oahu,HI,Hawaii
IDC001,Ada,ID,Idaho
IDC003,Adams,ID,Idaho
IDC005,Bannock,ID,Idaho
IDC007,Bear Lake,ID,Idaho
IDC009,Benewah,ID,Idaho
IDC011,Bingham,ID,Idaho
IDC013,Blaine,ID,Idaho
IDC015,Boise,ID,Idaho
IDC017,Bonner,ID,Idaho
IDC019,Bonneville,ID,Idaho
IDC021,Boundary,ID,Idaho
IDC023,Butte,ID,Idaho
IDC025,Camas,ID,Idaho
IDC027,Canyon,ID,Idaho
IDC029,Caribou,ID,Idaho
IDC031,Cassia,ID,Idaho
IDC033,Clark,ID,Idaho
IDC035,Clearwater,ID,Idaho
IDC037,Custer,ID,Idaho
IDC039,Elmore,ID,Idaho
IDC041,Franklin,ID,Idaho
IDC043,Fremont,ID,Idaho
IDC045,Gem,ID,Idaho
IDC047,Gooding,ID,Idaho
IDC049,Idaho,ID,Idaho
IDC051,Jefferson,ID,Idaho
IDC053,Jerome,ID,Idaho
IDC055,Kootenai,ID,Idaho
IDC057,Latah,ID,Idaho
IDC059,Lemhi,ID,Idaho
IDC061,Lewis,ID,Idaho
IDC063,Lincoln,ID,Idaho
IDC065,Madison,ID,Idaho
IDC067,Minidoka,ID,Idaho
IDC069,Nez Perce,ID,Idaho
IDC071,Oneida,ID,Idaho
IDC073,Owyhee,ID,Idaho
IDC075,Payette,ID,Idaho
IDC077,Power,ID,Idaho
IDC079,Shoshone,ID,Idaho
IDC081,Teton,ID,Idaho
IDC083,Twin Falls,ID,Idaho
IDC085,Valley,ID,Idaho
IDC087,Washington,ID,Idaho
ILC001,Adams,IL,Illinois
ILC003,Alexander,IL,Illinois
ILC005,Bond,IL,Illinois
ILC007,Boone,IL,Illinois
ILC009,Brown,IL,Illinois
ILC011,Bureau,IL,Illinois
ILC013,Calhoun,IL,Illinois
ILC015,Carroll,IL,Illinois
ILC017,Cass,IL,Illinois
ILC019,Champaign,IL,Illinois
ILC021,Christian,IL,Illinois
ILC023,Clark,IL,Illinois
ILC025,Clay,IL,Illinois
ILC027,Clinton,IL,Illinois
ILC029,Coles,IL,Illinois
ILC031,Cook,IL,Illinois
ILC033,Crawford,IL,Illinois
ILC035,Cumberland,IL,Illinois
ILC037,De Kalb,IL,Illinois
ILC039,De Witt,IL,Illinois
ILC041,Douglas,IL,Illinois
ILC043,DuPage,IL,Illinois
ILC045,Edgar,IL,Illinois
ILC047,Edwards,IL,Illinois
ILC049,Effingham,IL,Illinois
ILC051,Fayette,IL,Illinois
ILC053,Ford,IL,Illinois
ILC055,Franklin,IL,Illinois
ILC057,Fulton,IL,Illinois
ILC059,Gallatin,IL,Illinois
ILC061,Greene,IL,Illinois
ILC063,Grundy,IL,Illinois
ILC065,Hamilton,IL,Illinois
ILC067,Hancock,IL,Illinois
ILC069,Hardin,IL,Illinois
ILC071,Henderson,IL,Illinois
ILC073,Henry,IL,Illinois
ILC075,Iroquois,IL,Illinois
ILC077,Jackson,IL,Illinois
ILC079,Jasper,IL,Illinois
ILC081,Jefferson,IL,Illinois
ILC083,Jersey,IL,Illinois
ILC085,Jo Daviess,IL,Illinois
ILC087,Johnson,IL,Illinois
ILC089,Kane,IL,Illinois
ILC091,Kankakee,IL,Illinois
ILC093,Kendall,IL,Illinois
ILC095,Knox,IL,Illinois
ILC099,La Salle,IL,Illinois
ILC097,Lake,IL,Illinois
ILC101,Lawrence,IL,Illinois
ILC103,Lee,IL,Illinois
ILC105,Livingston,IL,Illinois
ILC107,Logan,IL,Illinois
ILC115,Macon,IL,Illinois
ILC117,Macoupin,IL,Illinois
ILC119,Madison,IL,Illinois
ILC121,Marion,IL,Illinois
ILC123,Marshall,IL,Illinois
ILC125,Mason,IL,Illinois
ILC127,Massac,IL,Illinois
ILC109,McDonough,IL,Illinois
ILC111,McHenry,IL,Illinois
ILC113,McLean,IL,Illinois
ILC129,Menard,IL,Illinois
ILC131,Mercer,IL,Illinois
ILC133,Monroe,IL,Illinois
ILC135,Montgomery,IL,Illinois
ILC137,Morgan,IL,Illinois
ILC139,Moultrie,IL,Illinois
ILC141,Ogle,IL,Illinois
ILC143,Peoria,IL,Illinois
ILC145,Perry,IL,Illinois
ILC147,Piatt,IL,Illinois
ILC149,Pike,IL,Illinois
ILC151,Pope,IL,Illinois
ILC153,Pulaski,IL,Illinois
ILC155,Putnam,IL,Illinois
ILC157,Randolph,IL,Illinois
ILC159,Richland,IL,Illinois
ILC161,Rock Island,IL,Illinois
ILC165,Saline,IL,Illinois
ILC167,Sangamon,IL,Illinois
ILC169,Schuyler,IL,Illinois
ILC171,Scott,IL,Illinois
ILC173,Shelby,IL,Illinois
ILC163,St. Clair,IL,Illinois
ILC175,Stark,IL,Illinois
ILC177,Stephenson,IL,Illinois
ILC179,Tazewell,IL,Illinois
ILC181,Union,IL,Illinois
ILC183,Vermilion,IL,Illinois
ILC185,Wabash,IL,Illinois
ILC187,Warren,IL,Illinois
ILC189,Washington,IL,Illinois
ILC191,Wayne,IL,Illinois
ILC193,White,IL,Illinois
ILC195,Whiteside,IL,Illinois
ILC197,Will,IL,Illinois
ILC199,Williamson,IL,Illinois
ILC201,Winnebago,IL,Illinois
ILC203,Woodford,IL,Illinois
INC001,Adams,IN,Indiana
INC003,Allen,IN,Indiana
INC005,Bartholomew,IN,Indiana
INC007,Benton,IN,Indiana
INC009,Blackford,IN,Indiana
INC011,Boone,IN,Indiana
INC013,Brown,IN,Indiana
INC015,Carroll,IN,Indiana
INC017,Cass,IN,Indiana
INC019,Clark,IN,Indiana
INC021,Clay,IN,Indiana
INC023,Clinton,IN,Indiana
INC025,Crawford,IN,Indiana
INC027,Daviess,IN,Indiana
INC033,De Kalb,IN,Indiana
INC029,Dearborn,IN,Indiana
INC031,Decatur,IN,Indiana
INC035,Delaware,IN,Indiana
INC037,Dubois,IN,Indiana
INC039,Elkhart,IN,Indiana
INC041,Fayette,IN,Indiana
INC043,Floyd,IN,Indiana
INC045,Fountain,IN,Indiana
INC047,Franklin,IN,Indiana
INC049,Fulton,IN,Indiana
INC051,Gibson,IN,Indiana
INC053,Grant,IN,Indiana
INC055,Greene,IN,Indiana
INC057,Hamilton,IN,Indiana
INC059,Hancock,IN,Indiana
INC061,Harrison,IN,Indiana
INC063,Hendricks,IN,Indiana
INC065,Henry,IN,Indiana
INC067,Howard,IN,Indiana
INC069,Huntington,IN,Indiana
INC071,Jackson,IN,Indiana
INC073,Jasper,IN,Indiana
INC075,Jay,IN,Indiana
INC077,Jefferson,IN,Indiana
INC079,Jennings,IN,Indiana
INC081,Johnson,IN,Indiana
INC083,Knox,IN,Indiana
INC085,Kosciusko,IN,Indiana
INC091,La Porte,IN,Indiana
INC087,Lagrange,IN,Indiana
INC089,Lake,IN,Indiana
INC093,Lawrence,IN,Indiana
INC095,Madison,IN,Indiana
INC097,Marion,IN,Indiana
INC099,Marshall,IN,Indiana
INC101,Martin,IN,Indiana
INC103,Miami,IN,Indiana
INC105,Monroe,IN,Indiana
INC107,Montgomery,IN,Indiana
INC109,Morgan,IN,Indiana
INC111,Newton,IN,Indiana
INC113,Noble,IN,Indiana
INC115,Ohio,IN,Indiana
INC117,Orange,IN,Indiana
INC119,Owen,IN,Indiana
INC121,Parke,IN,Indiana
INC123,Perry,IN,Indiana
INC125,Pike,IN,Indiana
INC127,Porter,IN,Indiana
INC129,Posey,IN,Indiana
INC131,Pulaski,IN,Indiana
INC133,Putnam,IN,Indiana
INC135,Randolph,IN,Indiana
INC137,Ripley,IN,Indiana
INC139,Rush,IN,Indiana
INC143,Scott,IN,Indiana
INC145,Shelby,IN,Indiana
INC147,Spencer,IN,Indiana
INC141,St. Joseph,IN,Indiana
INC149,Starke,IN,Indiana
INC151,Steuben,IN,Indiana
INC153,Sullivan,IN,Indiana
INC155,Switzerland,IN,Indiana
INC157,Tippecanoe,IN,Indiana
INC159,Tipton,IN,Indiana
INC161,Union,IN,Indiana
INC163,Vanderburgh,IN,Indiana
INC165,Vermillion,IN,Indiana
INC167,Vigo,IN,Indiana
INC169,Wabash,IN,Indiana
INC171,Warren,IN,Indiana
INC173,Warrick,IN,Indiana
INC175,Washington,IN,Indiana
INC177,Wayne,IN,Indiana
INC179,Wells,IN,Indiana
INC181,White,IN,Indiana
INC183,Whitley,IN,Indiana
IAC001,Adair,IA,Iowa
IAC003,Adams,IA,Iowa
IAC005,Allamakee,IA,Iowa
IAC007,Appanoose,IA,Iowa
IAC009,Audubon,IA,Iowa
IAC011,Benton,IA,Iowa
IAC013,Black Hawk,IA,Iowa
IAC015,Boone,IA,Iowa
IAC017,Bremer,IA,Iowa
IAC019,Buchanan,IA,Iowa
IAC021,Buena Vista,IA,Iowa
IAC023,Butler,IA,Iowa
IAC025,Calhoun,IA,Iowa
IAC027,Carroll,IA,Iowa
IAC029,Cass,IA,Iowa
IAC031,Cedar,IA,Iowa
IAC033,Cerro Gordo,IA,Iowa
IAC035,Cherokee,IA,Iowa
IAC037,Chickasaw,IA,Iowa
IAC039,Clarke,IA,Iowa
IAC041,Clay,IA,Iowa
IAC043,Clayton,IA,Iowa
IAC045,Clinton,IA,Iowa
IAC047,Crawford,IA,Iowa
IAC049,Dallas,IA,Iowa
IAC051,Davis,IA,Iowa
IAC053,Decatur,IA,Iowa
IAC055,Delaware,IA,Iowa
IAC057,Des Moines,IA,Iowa
IAC059,Dickinson,IA,Iowa
IAC061,Dubuque,IA,Iowa
IAC063,Emmet,IA,Iowa
IAC065,Fayette,IA,Iowa
IAC067,Floyd,IA,Iowa
IAC069,Franklin,IA,Iowa
IAC071,Fremont,IA,Iowa
IAC073,Greene,IA,Iowa
IAC075,Grundy,IA,Iowa
IAC077,Guthrie,IA,Iowa
IAC079,Hamilton,IA,Iowa
IAC081,Hancock,IA,Iowa
IAC083,Hardin,IA,Iowa
IAC085,Harrison,IA,Iowa
IAC087,Henry,IA,Iowa
IAC089,Howard,IA,Iowa
IAC091,Humboldt,IA,Iowa
IAC093,Ida,IA,Iowa
IAC095,Iowa,IA,Iowa
IAC097,Jackson,IA,Iowa
IAC099,Jasper,IA,Iowa
IAC101,Jefferson,IA,Iowa
IAC103,Johnson,IA,Iowa
IAC105,Jones,IA,Iowa
IAC107,Keokuk,IA,Iowa
IAC109,Kossuth,IA,Iowa
IAC111,Lee,IA,Iowa
IAC113,Linn,IA,Iowa
IAC115,Louisa,IA,Iowa
IAC117,Lucas,IA,Iowa
IAC119,Lyon,IA,Iowa
IAC121,Madison,IA,Iowa
IAC123,Mahaska,IA,Iowa
IAC125,Marion,IA,Iowa
IAC127,Marshall,IA,Iowa
IAC129,Mills,IA,Iowa
IAC131,Mitchell,IA,Iowa
IAC133,Monona,IA,Iowa
IAC135,Monroe,IA,Iowa
IAC137,Montgomery,IA,Iowa
IAC139,Muscatine,IA,Iowa
IAC141,O'Brien,IA,Iowa
IAC143,Osceola,IA,Iowa
IAC145,Page,IA,Iowa
IAC147,Palo Alto,IA,Iowa
IAC149,Plymouth,IA,Iowa
IAC151,Pocahontas,IA,Iowa
IAC153,Polk,IA,Iowa
IAC155,Pottawattamie,IA,Iowa
IAC157,Poweshiek,IA,Iowa
IAC159,Ringgold,IA,Iowa
IAC161,Sac,IA,Iowa
IAC163,Scott,IA,Iowa
IAC165,Shelby,IA,Iowa
IAC167,Sioux,IA,Iowa
IAC169,Story,IA,Iowa
IAC171,Tama,IA,Iowa
IAC173,Taylor,IA,Iowa
IAC175,Union,IA,Iowa
IAC177,Van Buren,IA,Iowa
IAC179,Wapello,IA,Iowa
IAC181,Warren,IA,Iowa
IAC183,Washington,IA,Iowa
IAC185,Wayne,IA,Iowa
IAC187,Webster,IA,Iowa
IAC189,Winnebago,IA,Iowa
IAC191,Winneshiek,IA,Iowa
IAC193,Woodbury,IA,Iowa
IAC195,Worth,IA,Iowa
IAC197,Wright,IA,Iowa
KSC001,Allen,KS,Kansas
KSC003,Anderson,KS,Kansas
KSC005,Atchison,KS,Kansas
KSC007,Barber,KS,Kansas
KSC009,Barton,KS,Kansas
KSC011,Bourbon,KS,Kansas
KSC013,Brown,KS,Kansas
KSC015,Butler,KS,Kansas
KSC017,Chase,KS,Kansas
KSC019,Chautauqua,KS,Kansas
KSC021,Cherokee,KS,Kansas
KSC023,Cheyenne,KS,Kansas
KSC025,Clark,KS,Kansas
KSC027,Clay,KS,Kansas
KSC029,Cloud,KS,Kansas
KSC031,Coffey,KS,Kansas
KSC033,Comanche,KS,Kansas
KSC035,Cowley,KS,Kansas
KSC037,Crawford,KS,Kansas
KSC039,Decatur,KS,Kansas
KSC041,Dickinson,KS,Kansas
KSC043,Doniphan,KS,Kansas
KSC045,Douglas,KS,Kansas
KSC047,Edwards,KS,Kansas
KSC049,Elk,KS,Kansas
KSC051,Ellis,KS,Kansas
KSC053,Ellsworth,KS,Kansas
KSC055,Finney,KS,Kansas
KSC057,Ford,KS,Kansas
KSC059,Franklin,KS,Kansas
KSC061,Geary,KS,Kansas
KSC063,Gove,KS,Kansas
KSC065,Graham,KS,Kansas
KSC067,Grant,KS,Kansas
KSC069,Gray,KS,Kansas
KSC071,Greeley,KS,Kansas
KSC073,Greenwood,KS,Kansas
KSC075,Hamilton,KS,Kansas
KSC077,Harper,KS,Kansas
KSC079,Harvey,KS,Kansas
KSC081,Haskell,KS,Kansas
KSC083,Hodgeman,KS,Kansas
KSC085,Jackson,KS,Kansas
KSC087,Jefferson,KS,Kansas
KSC089,Jewell,KS,Kansas
KSC091,Johnson,KS,Kansas
KSC093,Kearny,KS,Kansas
KSC095,Kingman,KS,Kansas
KSC097,Kiowa,KS,Kansas
KSC099,Labette,KS,Kansas
KSC101,Lane,KS,Kansas
KSC103,Leavenworth,KS,Kansas
KSC105,Lincoln,KS,Kansas
KSC107,Linn,KS,Kansas
KSC109,Logan,KS,Kansas
KSC111,Lyon,KS,Kansas
KSC115,Marion,KS,Kansas
KSC117,Marshall,KS,Kansas
KSC113,McPherson,KS,Kansas
KSC119,Meade,KS,Kansas
KSC121,Miami,KS,Kansas
KSC123,Mitchell,KS,Kansas
KSC125,Montgomery,KS,Kansas
KSC127,Morris,KS,Kansas
KSC129,Morton,KS,Kansas
KSC131,Nemaha,KS,Kansas
KSC133,Neosho,KS,Kansas
KSC135,Ness,KS,Kansas
KSC137,Norton,KS,Kansas
KSC139,Osage,KS,Kansas
KSC141,Osborne,KS,Kansas
KSC143,Ottawa,KS,Kansas
KSC145,Pawnee,KS,Kansas
KSC147,Phillips,KS,Kansas
KSC149,Pottawatomie,KS,Kansas
KSC151,Pratt,KS,Kansas
KSC153,Rawlins,KS,Kansas
KSC155,Reno,KS,Kansas
KSC157,Republic,KS,Kansas
KSC159,Rice,KS,Kansas
KSC161,Riley,KS,Kansas
KSC163,Rooks,KS,Kansas
KSC165,Rush,KS,Kansas
KSC167,Russell,KS,Kansas
KSC169,Saline,KS,Kansas
KSC171,Scott,KS,Kansas
KSC173,Sedgwick,KS,Kansas
KSC175,Seward,KS,Kansas
KSC177,Shawnee,KS,Kansas
KSC179,Sheridan,KS,Kansas
KSC181,Sherman,KS,Kansas
KSC183,Smith,KS,Kansas
KSC185,Stafford,KS,Kansas
KSC187,Stanton,KS,Kansas
KSC189,Stevens,KS,Kansas
KSC191,Sumner,KS,Kansas
KSC193,Thomas,KS,Kansas
KSC195,Trego,KS,Kansas
KSC197,Wabaunsee,KS,Kansas
KSC199,Wallace,KS,Kansas
KSC201,Washington,KS,Kansas
KSC203,Wichita,KS,Kansas
KSC205,Wilson,KS,Kansas
KSC207,Woodson,KS,Kansas
KSC209,Wyandotte,KS,Kansas
KYC001,Adair,KY,Kentucky
KYC003,Allen,KY,Kentucky
KYC005,Anderson,KY,Kentucky
KYC007,Ballard,KY,Kentucky
KYC009,Barren,KY,Kentucky
KYC011,Bath,KY,Kentucky
KYC013,Bell,KY,Kentucky
KYC015,Boone,KY,Kentucky
KYC017,Bourbon,KY,Kentucky
KYC019,Boyd,KY,Kentucky
KYC021,Boyle,KY,Kentucky
KYC023,Bracken,KY,Kentucky
KYC025,Breathitt,KY,Kentucky
KYC027,Breckinridge,KY,Kentucky
KYC029,Bullitt,KY,Kentucky
KYC031,Butler,KY,Kentucky
KYC033,Caldwell,KY,Kentucky
KYC035,Calloway,KY,Kentucky
KYC037,Campbell,KY,Kentucky
KYC039,Carlisle,KY,Kentucky
KYC041,Carroll,KY,Kentucky
KYC043,Carter,KY,Kentucky
KYC045,Casey,KY,Kentucky
KYC047,Christian,KY,Kentucky
KYC049,Clark,KY,Kentucky
KYC051,Clay,KY,Kentucky
KYC053,Clinton,KY,Kentucky
KYC055,Crittenden,KY,Kentucky
KYC057,Cumberland,KY,Kentucky
KYC059,Daviess,KY,Kentucky
KYC061,Edmonson,KY,Kentucky
KYC063,Elliott,KY,Kentucky
KYC065,Estill,KY,Kentucky
KYC067,Fayette,KY,Kentucky
KYC069,Fleming,KY,Kentucky
KYC071,Floyd,KY,Kentucky
KYC073,Franklin,KY,Kentucky
KYC075,Fulton,KY,Kentucky
KYC077,Gallatin,KY,Kentucky
KYC079,Garrard,KY,Kentucky
KYC081,Grant,KY,Kentucky
KYC083,Graves,KY,Kentucky
KYC085,Grayson,KY,Kentucky
KYC087,Green,KY,Kentucky
KYC089,Greenup,KY,Kentucky
KYC091,Hancock,KY,Kentucky
KYC093,Hardin,KY,Kentucky
KYC095,Harlan,KY,Kentucky
KYC097,Harrison,KY,Kentucky
KYC099,Hart,KY,Kentucky
KYC101,Henderson,KY,Kentucky
KYC103,Henry,KY,Kentucky
KYC105,Hickman,KY,Kentucky
KYC107,Hopkins,KY,Kentucky
KYC109,Jackson,KY,Kentucky
KYC111,Jefferson,KY,Kentucky
KYC113,Jessamine,KY,Kentucky
KYC115,Johnson,KY,Kentucky
KYC117,Kenton,KY,Kentucky
KYC119,Knott,KY,Kentucky
KYC121,Knox,KY,Kentucky
KYC123,Larue,KY,Kentucky
KYC125,Laurel,KY,Kentucky
KYC127,Lawrence,KY,Kentucky
KYC129,Lee,KY,Kentucky
KYC131,Leslie,KY,Kentucky
KYC133,Letcher,KY,Kentucky
KYC135,Lewis,KY,Kentucky
KYC137,Lincoln,KY,Kentucky
KYC139,Livingston,KY,Kentucky
KYC141,Logan,KY,Kentucky
KYC143,Lyon,KY,Kentucky
KYC151,Madison,KY,Kentucky
KYC153,Magoffin,KY,Kentucky
KYC155,Marion,KY,Kentucky
KYC157,Marshall,KY,Kentucky
KYC159,Martin,KY,Kentucky
KYC161,Mason,KY,Kentucky
KYC145,McCracken,KY,Kentucky
KYC147,McCreary,KY,Kentucky
KYC149,McLean,KY,Kentucky
KYC163,Meade,KY,Kentucky
KYC165,Menifee,KY,Kentucky
KYC167,Mercer,KY,Kentucky
KYC169,Metcalfe,KY,Kentucky
KYC171,Monroe,KY,Kentucky
KYC173,Montgomery,KY,Kentucky
KYC175,Morgan,KY,Kentucky
KYC177,Muhlenberg,KY,Kentucky
KYC179,Nelson,KY,Kentucky
KYC181,Nicholas,KY,Kentucky
KYC183,Ohio,KY,Kentucky
KYC185,Oldham,KY,Kentucky
KYC187,Owen,KY,Kentucky
KYC189,Owsley,KY,Kentucky
KYC191,Pendleton,KY,Kentucky
KYC193,Perry,KY,Kentucky
KYC195,Pike,KY,Kentucky
KYC197,Powell,KY,Kentucky
KYC199,Pulaski,KY,Kentucky
KYC201,Robertson,KY,Kentucky
KYC203,Rockcastle,KY,Kentucky
KYC205,Rowan,KY,Kentucky
KYC207,Russell,KY,Kentucky
KYC209,Scott,KY,Kentucky
KYC211,Shelby,KY,Kentucky
KYC213,Simpson,KY,Kentucky
KYC215,Spencer,KY,Kentucky
KYC217,Taylor,KY,Kentucky
KYC219,Todd,KY,Kentucky
KYC221,Trigg,KY,Kentucky
KYC223,Trimble,KY,Kentucky
KYC225,Union,KY,Kentucky
KYC227,Warren,KY,Kentucky
KYC229,Washington,KY,Kentucky
KYC231,Wayne,KY,Kentucky
KYC233,Webster,KY,Kentucky
KYC235,Whitley,KY,Kentucky
KYC237,Wolfe,KY,Kentucky
KYC239,Woodford,KY,Kentucky
LAC001,Acadia,LA,Louisiana
LAC003,Allen,LA,Louisiana
LAC005,Ascension,LA,Louisiana
LAC007,Assumption,LA,Louisiana
LAC009,Avoyelles,LA,Louisiana
LAC011,Beauregard,LA,Louisiana
LAC013,Bienville,LA,Louisiana
LAC015,Bossier,LA,Louisiana
LAC017,Caddo,LA,Louisiana
LAC019,Calcasieu,LA,Louisiana
LAC021,Caldwell,LA,Louisiana
LAC023,Cameron,LA,Louisiana
LAC025,Catahoula,LA,Louisiana
LAC027,Claiborne,LA,Louisiana
LAC029,Concordia,LA,Louisiana
LAC031,De Soto,LA,Louisiana
LAC033,East Baton Rouge,LA,Louisiana
LAC035,East Carroll,LA,Louisiana
LAC037,East Feliciana,LA,Louisiana
LAC039,Evangeline,LA,Louisiana
LAC041,Franklin,LA,Louisiana
LAC043,Grant,LA,Louisiana
LAC045,Iberia,LA,Louisiana
LAC047,Iberville,LA,Louisiana
LAC049,Jackson,LA,Louisiana
LAC051,Jefferson,LA,Louisiana
LAC053,Jefferson Davis,LA,Louisiana
LAC059,La Salle,LA,Louisiana
LAC055,Lafayette,LA,Louisiana
LAC057,Lafourche,LA,Louisiana
LAC061,Lincoln,LA,Louisiana
LAC063,Livingston,LA,Louisiana
LAC065,Madison,LA,Louisiana
LAC067,Morehouse,LA,Louisiana
LAC069,Natchitoches,LA,Louisiana
LAC071,Orleans,LA,Louisiana
LAC073,Ouachita,LA,Louisiana
LAC075,Plaquemines,LA,Louisiana
LAC077,Pointe Coupee,LA,Louisiana
LAC079,Rapides,LA,Louisiana
LAC081,Red River,LA,Louisiana
LAC083,Richland,LA,Louisiana
LAC085,Sabine,LA,Louisiana
LAC087,St. Bernard,LA,Louisiana
LAC089,St. Charles,LA,Louisiana
LAC091,St. Helena,LA,Louisiana
LAC093,St. James,LA,Louisiana
LAC095,St. John The Baptist,LA,Louisiana
LAC097,St. Landry,LA,Louisiana
LAC099,St. Martin,LA,Louisiana
LAC101,St. Mary,LA,Louisiana
LAC103,St. Tammany,LA,Louisiana
LAC105,Tangipahoa,LA,Louisiana
LAC107,Tensas,LA,Louisiana
LAC109,Terrebonne,LA,Louisiana
LAC111,Union,LA,Louisiana
LAC113,Vermilion,LA,Louisiana
LAC115,Vernon,LA,Louisiana
LAC117,Washington,LA,Louisiana
LAC119,Webster,LA,Louisiana
LAC121,West Baton Rouge,LA,Louisiana
LAC123,West Carroll,LA,Louisiana
LAC125,West Feliciana,LA,Louisiana
LAC127,Winn,LA,Louisiana
MEC001,Androscoggin,ME,Maine
MEC003,Aroostook,ME,Maine
MEC005,Cumberland,ME,Maine
MEC007,Franklin,ME,Maine
MEC009,Hancock,ME,Maine
MEC011,Kennebec,ME,Maine
MEC013,Knox,ME,Maine
MEC015,Lincoln,ME,Maine
MEC017,Oxford,ME,Maine
MEC019,Penobscot,ME,Maine
MEC021,Piscataquis,ME,Maine
MEC023,Sagadahoc,ME,Maine
MEC025,Somerset,ME,Maine
MEC027,Waldo,ME,Maine
MEC029,Washington,ME,Maine
MEC031,York,ME,Maine
MDC001,Allegany,MD,Maryland
MDC003,Anne Arundel,MD,Maryland
MDC005,Baltimore,MD,Maryland
MDC510,Baltimore City,MD,Maryland
MDC009,Calvert,MD,Maryland
MDC011,Caroline,MD,Maryland
MDC013,Carroll,MD,Maryland
MDC015,Cecil,MD,Maryland
MDC017,Charles,MD,Maryland
MDC019,Dorchester,MD,Maryland
MDC021,Frederick,MD,Maryland
MDC023,Garrett,MD,Maryland
MDC025,Harford,MD,Maryland
MDC027,Howard,MD,Maryland
MDC029,Kent,MD,Maryland
MDC031,Montgomery,MD,Maryland
MDC033,Prince Georges,MD,Maryland
MDC035,Queen Anne's,MD,Maryland
MDC039,Somerset,MD,Maryland
MDC037,St. Marys,MD,Maryland
MDC041,Talbot,MD,Maryland
MDC043,Washington,MD,Maryland
MDC045,Wicomico,MD,Maryland
MDC047,Worcester,MD,Maryland
MAC001,Barnstable,MA,Massachusetts
MAC003,Berkshire,MA,Massachusetts
MAC005,Bristol,MA,Massachusetts
MAC007,Dukes,MA,Massachusetts
MAC009,Essex,MA,Massachusetts
MAC011,Franklin,MA,Massachusetts
MAC013,Hampden,MA,Massachusetts
MAC015,Hampshire,MA,Massachusetts
MAC017,Middlesex,MA,Massachusetts
MAC019,Nantucket,MA,Massachusetts
MAC021,Norfolk,MA,Massachusetts
MAC023,Plymouth,MA,Massachusetts
MAC025,Suffolk,MA,Massachusetts
MAC027,Worcester,MA,Massachusetts
MIC001,Alcona,MI,Michigan
MIC003,Alger,MI,Michigan
MIC005,Allegan,MI,Michigan
MIC007,Alpena,MI,Michigan
MIC009,Antrim,MI,Michigan
MIC011,Arenac,MI,Michigan
MIC013,Baraga,MI,Michigan
MIC015,Barry,MI,Michigan
MIC017,Bay,MI,Michigan
MIC019,Benzie,MI,Michigan
MIC021,Berrien,MI,Michigan
MIC023,Branch,MI,Michigan
MIC025,Calhoun,MI,Michigan
MIC027,Cass,MI,Michigan
MIC029,Charlevoix,MI,Michigan
MIC031,Cheboygan,MI,Michigan
MIC033,Chippewa,MI,Michigan
MIC035,Clare,MI,Michigan
MIC037,Clinton,MI,Michigan
MIC039,Crawford,MI,Michigan
MIC041,Delta,MI,Michigan
MIC043,Dickinson,MI,Michigan
MIC045,Eaton,MI,Michigan
MIC047,Emmet,MI,Michigan
MIC049,Genesee,MI,Michigan
MIC051,Gladwin,MI,Michigan
MIC053,Gogebic,MI,Michigan
MIC055,Grand Traverse,MI,Michigan
MIC057,Gratiot,MI,Michigan
MIC059,Hillsdale,MI,Michigan
MIC061,Houghton,MI,Michigan
MIC063,Huron,MI,Michigan
MIC065,Ingham,MI,Michigan
MIC067,Ionia,MI,Michigan
MIC069,Iosco,MI,Michigan
MIC071,Iron,MI,Michigan
MIC073,Isabella,MI,Michigan
MIC075,Jackson,MI,Michigan
MIC077,Kalamazoo,MI,Michigan
MIC079,Kalkaska,MI,Michigan
MIC081,Kent,MI,Michigan
MIC083,Keweenaw,MI,Michigan
MIC085,Lake,MI,Michigan
MIC087,Lapeer,MI,Michigan
MIC089,Leelanau,MI,Michigan
MIC091,Lenawee,MI,Michigan
MIC093,Livingston,MI,Michigan
MIC095,Luce,MI,Michigan
MIC097,Mackinac,MI,Michigan
MIC099,Macomb,MI,Michigan
MIC101,Manistee,MI,Michigan
MIC103,Marquette,MI,Michigan
MIC105,Mason,MI,Michigan
MIC107,Mecosta,MI,Michigan
MIC109,Menominee,MI,Michigan
MIC111,Midland,MI,Michigan
MIC113,Missaukee,MI,Michigan
MIC115,Monroe,MI,Michigan
MIC117,Montcalm,MI,Michigan
MIC119,Montmorency,MI,Michigan
MIC121,Muskegon,MI,Michigan
MIC123,Newaygo,MI,Michigan
MIC125,Oakland,MI,Michigan
MIC127,Oceana,MI,Michigan
MIC129,Ogemaw,MI,Michigan
MIC131,Ontonagon,MI,Michigan
MIC133,Osceola,MI,Michigan
MIC135,Oscoda,MI,Michigan
MIC137,Otsego,MI,Michigan
MIC139,Ottawa,MI,Michigan
MIC141,Presque Isle,MI,Michigan
MIC143,Roscommon,MI,Michigan
MIC145,Saginaw,MI,Michigan
MIC151,Sanilac,MI,Michigan
MIC153,Schoolcraft,MI,Michigan
MIC155,Shiawassee,MI,Michigan
MIC147,St. Clair,MI,Michigan
MIC149,St. Joseph,MI,Michigan
MIC157,Tuscola,MI,Michigan
MIC159,Van Buren,MI,Michigan
MIC161,Washtenaw,MI,Michigan
MIC163,Wayne,MI,Michigan
MIC165,Wexford,MI,Michigan
MNC001,Aitkin,MN,Minnesota
MNC003,Anoka,MN,Minnesota
MNC005,Becker,MN,Minnesota
MNC007,Beltrami,MN,Minnesota
MNC009,Benton,MN,Minnesota
MNC011,Big Stone,MN,Minnesota
MNC013,Blue Earth,MN,Minnesota
MNC015,Brown,MN,Minnesota
MNC017,Carlton,MN,Minnesota
MNC019,Carver,MN,Minnesota
MNC021,Cass,MN,Minnesota
MNC023,Chippewa,MN,Minnesota
MNC025,Chisago,MN,Minnesota
MNC027,Clay,MN,Minnesota
MNC029,Clearwater,MN,Minnesota
MNC031,Cook,MN,Minnesota
MNC033,Cottonwood,MN,Minnesota
MNC035,Crow Wing,MN,Minnesota
MNC037,Dakota,MN,Minnesota
MNC039,Dodge,MN,Minnesota
MNC041,Douglas,MN,Minnesota
MNC043,Faribault,MN,Minnesota
MNC045,Fillmore,MN,Minnesota
MNC047,Freeborn,MN,Minnesota
MNC049,Goodhue,MN,Minnesota
MNC051,Grant,MN,Minnesota
MNC053,Hennepin,MN,Minnesota
MNC055,Houston,MN,Minnesota
MNC057,Hubbard,MN,Minnesota
MNC059,Isanti,MN,Minnesota
MNC061,Itasca,MN,Minnesota
MNC063,Jackson,MN,Minnesota
MNC065,Kanabec,MN,Minnesota
MNC067,Kandiyohi,MN,Minnesota
MNC069,Kittson,MN,Minnesota
MNC071,Koochiching,MN,Minnesota
MNC073,Lac qui Parle,MN,Minnesota
MNC075,Lake,MN,Minnesota
MNC077,Lake of the Woods,MN,Minnesota
MNC079,Le Sueur,MN,Minnesota
MNC081,Lincoln,MN,Minnesota
MNC083,Lyon,MN,Minnesota
MNC087,Mahnomen,MN,Minnesota
MNC089,Marshall,MN,Minnesota
MNC091,Martin,MN,Minnesota
MNC085,McLeod,MN,Minnesota
MNC093,Meeker,MN,Minnesota
MNC095,Mille Lacs,MN,Minnesota
MNC097,Morrison,MN,Minnesota
MNC099,Mower,MN,Minnesota
MNC101,Murray,MN,Minnesota
MNC103,Nicollet,MN,Minnesota
MNC105,Nobles,MN,Minnesota
MNC107,Norman,MN,Minnesota
MNC109,Olmsted,MN,Minnesota
MNC111,Otter Tail,MN,Minnesota
MNC113,Pennington,MN,Minnesota
MNC115,Pine,MN,Minnesota
MNC117,Pipestone,MN,Minnesota
MNC119,Polk,MN,Minnesota
MNC121,Pope,MN,Minnesota
MNC123,Ramsey,MN,Minnesota
MNC125,Red Lake,MN,Minnesota
MNC127,Redwood,MN,Minnesota
MNC129,Renville,MN,Minnesota
MNC131,Rice,MN,Minnesota
MNC133,Rock,MN,Minnesota
MNC135,Roseau,MN,Minnesota
MNC139,Scott,MN,Minnesota
MNC141,Sherburne,MN,Minnesota
MNC143,Sibley,MN,Minnesota
MNC137,St. Louis,MN,Minnesota
MNC145,Stearns,MN,Minnesota
MNC147,Steele,MN,Minnesota
MNC149,Stevens,MN,Minnesota
MNC151,Swift,MN,Minnesota
MNC153,Todd,MN,Minnesota
MNC155,Traverse,MN,Minnesota
MNC157,Wabasha,MN,Minnesota
MNC159,Wadena,MN,Minnesota
MNC161,Waseca,MN,Minnesota
MNC163,Washington,MN,Minnesota
MNC165,Watonwan,MN,Minnesota
MNC167,Wilkin,MN,Minnesota
MNC169,Winona,MN,Minnesota
MNC171,Wright,MN,Minnesota
MNC173,Yellow Medicine,MN,Minnesota
MSC001,Adams,MI,Mississippi
MSC003,Alcorn,MI,Mississippi
MSC005,Amite,MI,Mississippi
MSC007,Attala,MI,Mississippi
MSC009,Benton,MI,Mississippi
MSC011,Bolivar,MI,Mississippi
MSC013,Calhoun,MI,Mississippi
MSC015,Carroll,MI,Mississippi
MSC017,Chickasaw,MI,Mississippi
MSC019,Choctaw,MI,Mississippi
MSC021,Claiborne,MI,Mississippi
MSC023,Clarke,MI,Mississippi
MSC025,Clay,MI,Mississippi
MSC027,Coahoma,MI,Mississippi
MSC029,Copiah,MI,Mississippi
MSC031,Covington,MI,Mississippi
MSC033,DeSoto,MI,Mississippi
MSC035,Forrest,MI,Mississippi
MSC037,Franklin,MI,Mississippi
MSC039,George,MI,Mississippi
MSC041,Greene,MI,Mississippi
MSC043,Grenada,MI,Mississippi
MSC045,Hancock,MI,Mississippi
MSC047,Harrison,MI,Mississippi
MSC049,Hinds,MI,Mississippi
MSC051,Holmes,MI,Mississippi
MSC053,Humphreys,MI,Mississippi
MSC055,Issaquena,MI,Mississippi
MSC057,Itawamba,MI,Mississippi
MSC059,Jackson,MI,Mississippi
MSC061,Jasper,MI,Mississippi
MSC063,Jefferson,MI,Mississippi
MSC065,Jefferson Davis,MI,Mississippi
MSC067,Jones,MI,Mississippi
MSC069,Kemper,MI,Mississippi
MSC071,Lafayette,MI,Mississippi
MSC073,Lamar,MI,Mississippi
MSC075,Lauderdale,MI,Mississippi
MSC077,Lawrence,MI,Mississippi
MSC079,Leake,MI,Mississippi
MSC081,Lee,MI,Mississippi
MSC083,Leflore,MI,Mississippi
MSC085,Lincoln,MI,Mississippi
MSC087,Lowndes,MI,Mississippi
MSC089,Madison,MI,Mississippi
MSC091,Marion,MI,Mississippi
MSC093,Marshall,MI,Mississippi
MSC095,Monroe,MI,Mississippi
MSC097,Montgomery,MI,Mississippi
MSC099,Neshoba,MI,Mississippi
MSC101,Newton,MI,Mississippi
MSC103,Noxubee,MI,Mississippi
MSC105,Oktibbeha,MI,Mississippi
MSC107,Panola,MI,Mississippi
MSC109,Pearl River,MI,Mississippi
MSC111,Perry,MI,Mississippi
MSC113,Pike,MI,Mississippi
MSC115,Pontotoc,MI,Mississippi
MSC117,Prentiss,MI,Mississippi
MSC119,Quitman,MI,Mississippi
MSC121,Rankin,MI,Mississippi
MSC123,Scott,MI,Mississippi
MSC125,Sharkey,MI,Mississippi
MSC127,Simpson,MI,Mississippi
MSC129,Smith,MI,Mississippi
MSC131,Stone,MI,Mississippi
MSC133,Sunflower,MI,Mississippi
MSC135,Tallahatchie,MI,Mississippi
MSC137,Tate,MI,Mississippi
MSC139,Tippah,MI,Mississippi
MSC141,Tishomingo,MI,Mississippi
MSC143,Tunica,MI,Mississippi
MSC145,Union,MI,Mississippi
MSC147,Walthall,MI,Mississippi
MSC149,Warren,MI,Mississippi
MSC151,Washington,MI,Mississippi
MSC153,Wayne,MI,Mississippi
MSC155,Webster,MI,Mississippi
MSC157,Wilkinson,MI,Mississippi
MSC159,Winston,MI,Mississippi
MSC161,Yalobusha,MI,Mississippi
MSC163,Yazoo,MI,Mississippi
MOC001,Adair,MO,Missouri
MOC003,Andrew,MO,Missouri
MOC005,Atchison,MO,Missouri
MOC007,Audrain,MO,Missouri
MOC009,Barry,MO,Missouri
MOC011,Barton,MO,Missouri
MOC013,Bates,MO,Missouri
MOC015,Benton,MO,Missouri
MOC017,Bollinger,MO,Missouri
MOC019,Boone,MO,Missouri
MOC021,Buchanan,MO,Missouri
MOC023,Butler,MO,Missouri
MOC025,Caldwell,MO,Missouri
MOC027,Callaway,MO,Missouri
MOC029,Camden,MO,Missouri
MOC031,Cape Girardeau,MO,Missouri
MOC033,Carroll,MO,Missouri
MOC035,Carter,MO,Missouri
MOC037,Cass,MO,Missouri
MOC039,Cedar,MO,Missouri
MOC041,Chariton,MO,Missouri
MOC043,Christian,MO,Missouri
MOC045,Clark,MO,Missouri
MOC047,Clay,MO,Missouri
MOC049,Clinton,MO,Missouri
MOC051,Cole,MO,Missouri
MOC053,Cooper,MO,Missouri
MOC055,Crawford,MO,Missouri
MOC057,Dade,MO,Missouri
MOC059,Dallas,MO,Missouri
MOC061,Daviess,MO,Missouri
MOC063,DeKalb,MO,Missouri
MOC065,Dent,MO,Missouri
MOC067,Douglas,MO,Missouri
MOC069,Dunklin,MO,Missouri
MOC071,Franklin,MO,Missouri
MOC073,Gasconade,MO,Missouri
MOC075,Gentry,MO,Missouri
MOC077,Greene,MO,Missouri
MOC079,Grundy,MO,Missouri
MOC081,Harrison,MO,Missouri
MOC083,Henry,MO,Missouri
MOC085,Hickory,MO,Missouri
MOC087,Holt,MO,Missouri
MOC089,Howard,MO,Missouri
MOC091,Howell,MO,Missouri
MOC093,Iron,MO,Missouri
MOC095,Jackson,MO,Missouri
MOC097,Jasper,MO,Missouri
MOC099,Jefferson,MO,Missouri
MOC101,Johnson,MO,Missouri
MOC103,Knox,MO,Missouri
MOC105,Laclede,MO,Missouri
MOC107,Lafayette,MO,Missouri
MOC109,Lawrence,MO,Missouri
MOC111,Lewis,MO,Missouri
MOC113,Lincoln,MO,Missouri
MOC115,Linn,MO,Missouri
MOC117,Livingston,MO,Missouri
MOC121,Macon,MO,Missouri
MOC123,Madison,MO,Missouri
MOC125,Maries,MO,Missouri
MOC127,Marion,MO,Missouri
MOC119,McDonald,MO,Missouri
MOC129,Mercer,MO,Missouri
MOC131,Miller,MO,Missouri
MOC133,Mississippi,MO,Missouri
MOC135,Moniteau,MO,Missouri
MOC137,Monroe,MO,Missouri
MOC139,Montgomery,MO,Missouri
MOC141,Morgan,MO,Missouri
MOC143,New Madrid,MO,Missouri
MOC145,Newton,MO,Missouri
MOC147,Nodaway,MO,Missouri
MOC149,Oregon,MO,Missouri
MOC151,Osage,MO,Missouri
MOC153,Ozark,MO,Missouri
MOC155,Pemiscot,MO,Missouri
MOC157,Perry,MO,Missouri
MOC159,Pettis,MO,Missouri
MOC161,Phelps,MO,Missouri
MOC163,Pike,MO,Missouri
MOC165,Platte,MO,Missouri
MOC167,Polk,MO,Missouri
MOC169,Pulaski,MO,Missouri
MOC171,Putnam,MO,Missouri
MOC173,Ralls,MO,Missouri
MOC175,Randolph,MO,Missouri
MOC177,Ray,MO,Missouri
MOC179,Reynolds,MO,Missouri
MOC181,Ripley,MO,Missouri
MOC195,Saline,MO,Missouri
MOC197,Schuyler,MO,Missouri
MOC199,Scotland,MO,Missouri
MOC201,Scott,MO,Missouri
MOC203,Shannon,MO,Missouri
MOC205,Shelby,MO,Missouri
MOC183,St. Charles,MO,Missouri
MOC185,St. Clair,MO,Missouri
MOC187,St. Francois,MO,Missouri
MOC189,St. Louis,MO,Missouri
MOC510,St. Louis City,MO,Missouri
MOC186,Ste. Genevieve,MO,Missouri
MOC207,Stoddard,MO,Missouri
MOC209,Stone,MO,Missouri
MOC211,Sullivan,MO,Missouri
MOC213,Taney,MO,Missouri
MOC215,Texas,MO,Missouri
MOC217,Vernon,MO,Missouri
MOC219,Warren,MO,Missouri
MOC221,Washington,MO,Missouri
MOC223,Wayne,MO,Missouri
MOC225,Webster,MO,Missouri
MOC227,Worth,MO,Missouri
MOC229,Wright,MO,Missouri
MTC001,Beaverhead,MT,Montana
MTC003,Big Horn,MT,Montana
MTC005,Blaine,MT,Montana
MTC007,Broadwater,MT,Montana
MTC009,Carbon,MT,Montana
MTC011,Carter,MT,Montana
MTC013,Cascade,MT,Montana
MTC015,Chouteau,MT,Montana
MTC017,Custer,MT,Montana
MTC019,Daniels,MT,Montana
MTC021,Dawson,MT,Montana
MTC023,Deer Lodge,MT,Montana
MTC025,Fallon,MT,Montana
MTC027,Fergus,MT,Montana
MTC029,Flathead,MT,Montana
MTC031,Gallatin,MT,Montana
MTC033,Garfield,MT,Montana
MTC035,Glacier,MT,Montana
MTC037,Golden Valley,MT,Montana
MTC039,Granite,MT,Montana
MTC041,Hill,MT,Montana
MTC043,Jefferson,MT,Montana
MTC045,Judith Basin,MT,Montana
MTC047,Lake,MT,Montana
MTC049,Lewis and Clark,MT,Montana
MTC051,Liberty,MT,Montana
MTC053,Lincoln,MT,Montana
MTC057,Madison,MT,Montana
MTC055,McCone,MT,Montana
MTC059,Meagher,MT,Montana
MTC061,Mineral,MT,Montana
MTC063,Missoula,MT,Montana
MTC065,Musselshell,MT,Montana
MTC067,Park,MT,Montana
MTC069,Petroleum,MT,Montana
MTC071,Phillips,MT,Montana
MTC073,Pondera,MT,Montana
MTC075,Powder River,MT,Montana
MTC077,Powell,MT,Montana
MTC079,Prairie,MT,Montana
MTC081,Ravalli,MT,Montana
MTC083,Richland,MT,Montana
MTC085,Roosevelt,MT,Montana
MTC087,Rosebud,MT,Montana
MTC089,Sanders,MT,Montana
MTC091,Sheridan,MT,Montana
MTC093,Silver Bow,MT,Montana
MTC095,Stillwater,MT,Montana
MTC097,Sweet Grass,MT,Montana
MTC099,Teton,MT,Montana
MTC101,Toole,MT,Montana
MTC103,Treasure,MT,Montana
MTC105,Valley,MT,Montana
MTC107,Wheatland,MT,Montana
MTC109,Wibaux,MT,Montana
MTC111,Yellowstone,MT,Montana
NVC510,Carson City,NA,Nevada
NVC001,Churchill,NA,Nevada
NVC003,Clark,NA,Nevada
NVC005,Douglas,NA,Nevada
NVC007,Elko,NA,Nevada
NVC009,Esmeralda,NA,Nevada
NVC011,Eureka,NA,Nevada
NVC013,Humboldt,NA,Nevada
NVC015,Lander,NA,Nevada
NVC017,Lincoln,NA,Nevada
NVC019,Lyon,NA,Nevada
NVC021,Mineral,NA,Nevada
NVC023,Nye,NA,Nevada
NVC027,Pershing,NA,Nevada
NVC029,Storey,NA,Nevada
NVC031,Washoe,NA,Nevada
NVC033,White Pine,NA,Nevada
NEC001,Adams,NE,Nebraska
NEC003,Antelope,NE,Nebraska
NEC005,Arthur,NE,Nebraska
NEC007,Banner,NE,Nebraska
NEC009,Blaine,NE,Nebraska
NEC011,Boone,NE,Nebraska
NEC013,Box Butte,NE,Nebraska
NEC015,Boyd,NE,Nebraska
NEC017,Brown,NE,Nebraska
NEC019,Buffalo,NE,Nebraska
NEC021,Burt,NE,Nebraska
NEC023,Butler,NE,Nebraska
NEC025,Cass,NE,Nebraska
NEC027,Cedar,NE,Nebraska
NEC029,Chase,NE,Nebraska
NEC031,Cherry,NE,Nebraska
NEC033,Cheyenne,NE,Nebraska
NEC035,Clay,NE,Nebraska
NEC037,Colfax,NE,Nebraska
NEC039,Cuming,NE,Nebraska
NEC041,Custer,NE,Nebraska
NEC043,Dakota,NE,Nebraska
NEC045,Dawes,NE,Nebraska
NEC047,Dawson,NE,Nebraska
NEC049,Deuel,NE,Nebraska
NEC051,Dixon,NE,Nebraska
NEC053,Dodge,NE,Nebraska
NEC055,Douglas,NE,Nebraska
NEC057,Dundy,NE,Nebraska
NEC059,Fillmore,NE,Nebraska
NEC061,Franklin,NE,Nebraska
NEC063,Frontier,NE,Nebraska
NEC065,Furnas,NE,Nebraska
NEC067,Gage,NE,Nebraska
NEC069,Garden,NE,Nebraska
NEC071,Garfield,NE,Nebraska
NEC073,Gosper,NE,Nebraska
NEC075,Grant,NE,Nebraska
NEC077,Greeley,NE,Nebraska
NEC079,Hall,NE,Nebraska
NEC081,Hamilton,NE,Nebraska
NEC083,Harlan,NE,Nebraska
NEC085,Hayes,NE,Nebraska
NEC087,Hitchcock,NE,Nebraska
NEC089,Holt,NE,Nebraska
NEC091,Hooker,NE,Nebraska
NEC093,Howard,NE,Nebraska
NEC095,Jefferson,NE,Nebraska
NEC097,Johnson,NE,Nebraska
NEC099,Kearney,NE,Nebraska
NEC101,Keith,NE,Nebraska
NEC103,Keya Paha,NE,Nebraska
NEC105,Kimball,NE,Nebraska
NEC107,Knox,NE,Nebraska
NEC109,Lancaster,NE,Nebraska
NEC111,Lincoln,NE,Nebraska
NEC113,Logan,NE,Nebraska
NEC115,Loup,NE,Nebraska
NEC119,Madison,NE,Nebraska
NEC117,McPherson,NE,Nebraska
NEC121,Merrick,NE,Nebraska
NEC123,Morrill,NE,Nebraska
NEC125,Nance,NE,Nebraska
NEC127,Nemaha,NE,Nebraska
NEC129,Nuckolls,NE,Nebraska
NEC131,Otoe,NE,Nebraska
NEC133,Pawnee,NE,Nebraska
NEC135,Perkins,NE,Nebraska
NEC137,Phelps,NE,Nebraska
NEC139,Pierce,NE,Nebraska
NEC141,Platte,NE,Nebraska
NEC143,Polk,NE,Nebraska
NEC145,Red Willow,NE,Nebraska
NEC147,Richardson,NE,Nebraska
NEC149,Rock,NE,Nebraska
NEC151,Saline,NE,Nebraska
NEC153,Sarpy,NE,Nebraska
NEC155,Saunders,NE,Nebraska
NEC157,Scotts Bluff,NE,Nebraska
NEC159,Seward,NE,Nebraska
NEC161,Sheridan,NE,Nebraska
NEC163,Sherman,NE,Nebraska
NEC165,Sioux,NE,Nebraska
NEC167,Stanton,NE,Nebraska
NEC169,Thayer,NE,Nebraska
NEC171,Thomas,NE,Nebraska
NEC173,Thurston,NE,Nebraska
NEC175,Valley,NE,Nebraska
NEC177,Washington,NE,Nebraska
NEC179,Wayne,NE,Nebraska
NEC181,Webster,NE,Nebraska
NEC183,Wheeler,NE,Nebraska
NEC185,York,NE,Nebraska
NHC001,Belknap,NH,New Hampshire
NHC003,Carroll,NH,New Hampshire
NHC005,Cheshire,NH,New Hampshire
NHC007,Coos,NH,New Hampshire
NHC009,Grafton,NH,New Hampshire
NHC011,Hillsborough,NH,New Hampshire
NHC013,Merrimack,NH,New Hampshire
NHC015,Rockingham,NH,New Hampshire
NHC017,Strafford,NH,New Hampshire
NHC019,Sullivan,NH,New Hampshire
NJC001,Atlantic,NJ,New Jersey
NJC003,Bergen,NJ,New Jersey
NJC005,Burlington,NJ,New Jersey
NJC007,Camden,NJ,New Jersey
NJC009,Cape May,NJ,New Jersey
NJC011,Cumberland,NJ,New Jersey
NJC013,Essex,NJ,New Jersey
NJC015,Gloucester,NJ,New Jersey
NJC017,Hudson,NJ,New Jersey
NJC019,Hunterdon,NJ,New Jersey
NJC021,Mercer,NJ,New Jersey
NJC023,Middlesex,NJ,New Jersey
NJC025,Monmouth,NJ,New Jersey
NJC027,Morris,NJ,New Jersey
NJC029,Ocean,NJ,New Jersey
NJC031,Passaic,NJ,New Jersey
NJC033,Salem,NJ,New Jersey
NJC035,Somerset,NJ,New Jersey
NJC037,Sussex,NJ,New Jersey
NJC039,Union,NJ,New Jersey
NJC041,Warren,NJ,New Jersey
NMC001,Bernalillo,NM,New Mexico
NMC003,Catron,NM,New Mexico
NMC005,Chaves,NM,New Mexico
NMC006,Cibola,NM,New Mexico
NMC007,Colfax,NM,New Mexico
NMC009,Curry,NM,New Mexico
NMC011,De Baca,NM,New Mexico
NMC013,Dona Ana,NM,New Mexico
NMC015,Eddy,NM,New Mexico
NMC017,Grant,NM,New Mexico
NMC019,Guadalupe,NM,New Mexico
NMC021,Harding,NM,New Mexico
NMC023,Hidalgo,NM,New Mexico
NMC025,Lea,NM,New Mexico
NMC027,Lincoln,NM,New Mexico
NMC028,Los Alamos,NM,New Mexico
NMC029,Luna,NM,New Mexico
NMC031,McKinley,NM,New Mexico
NMC033,Mora,NM,New Mexico
NMC035,Otero,NM,New Mexico
NMC037,Quay,NM,New Mexico
NMC039,Rio Arriba,NM,New Mexico
NMC041,Roosevelt,NM,New Mexico
NMC045,San Juan,NM,New Mexico
NMC047,San Miguel,NM,New Mexico
NMC043,Sandoval,NM,New Mexico
NMC049,Santa Fe,NM,New Mexico
NMC051,Sierra,NM,New Mexico
NMC053,Socorro,NM,New Mexico
NMC055,Taos,NM,New Mexico
NMC057,Torrance,NM,New Mexico
NMC059,Union,NM,New Mexico
NMC061,Valencia,NM,New Mexico
NYC001,Albany,NY,New York
NYC003,Allegany,NY,New York
NYC005,Bronx,NY,New York
NYC007,Broome,NY,New York
NYC009,Cattaraugus,NY,New York
NYC011,Cayuga,NY,New York
NYC013,Chautauqua,NY,New York
NYC015,Chemung,NY,New York
NYC017,Chenango,NY,New York
NYC019,Clinton,NY,New York
NYC021,Columbia,NY,New York
NYC023,Cortland,NY,New York
NYC025,Delaware,NY,New York
NYC027,Dutchess,NY,New York
NYC029,Erie,NY,New York
NYC031,Essex,NY,New York
NYC033,Franklin,NY,New York
NYC035,Fulton,NY,New York
NYC037,Genesee,NY,New York
NYC039,Greene,NY,New York
NYC041,Hamilton,NY,New York
NYC043,Herkimer,NY,New York
NYC045,Jefferson,NY,New York
NYC047,Kings,NY,New York
NYC049,Lewis,NY,New York
NYC051,Livingston,NY,New York
NYC053,Madison,NY,New York
NYC055,Monroe,NY,New York
NYC057,Montgomery,NY,New York
NYC059,Nassau,NY,New York
NYC061,New York,NY,New York
NYC063,Niagara,NY,New York
NYC065,Oneida,NY,New York
NYC067,Onondaga,NY,New York
NYC069,Ontario,NY,New York
NYC071,Orange,NY,New York
NYC073,Orleans,NY,New York
NYC075,Oswego,NY,New York
NYC077,Otsego,NY,New York
NYC079,Putnam,NY,New York
NYC081,Queens,NY,New York
NYC083,Rensselaer,NY,New York
NYC085,Richmond,NY,New York
NYC087,Rockland,NY,New York
NYC091,Saratoga,NY,New York
NYC093,Schenectady,NY,New York
NYC095,Schoharie,NY,New York
NYC097,Schuyler,NY,New York
NYC099,Seneca,NY,New York
NYC089,St. Lawrence,NY,New York
NYC101,Steuben,NY,New York
NYC103,Suffolk,NY,New York
NYC105,Sullivan,NY,New York
NYC107,Tioga,NY,New York
NYC109,Tompkins,NY,New York
NYC111,Ulster,NY,New York
NYC113,Warren,NY,New York
NYC115,Washington,NY,New York
NYC117,Wayne,NY,New York
NYC119,Westchester,NY,New York
NYC121,Wyoming,NY,New York
NYC123,Yates,NY,New York
NCC001,Alamance,NC,North Carolina
NCC003,Alexander,NC,North Carolina
NCC005,Alleghany,NC,North Carolina
NCC007,Anson,NC,North Carolina
NCC009,Ashe,NC,North Carolina
NCC011,Avery,NC,North Carolina
NCC013,Beaufort,NC,North Carolina
NCC015,Bertie,NC,North Carolina
NCC017,Bladen,NC,North Carolina
NCC019,Brunswick,NC,North Carolina
NCC021,Buncombe,NC,North Carolina
NCC023,Burke,NC,North Carolina
NCC025,Cabarrus,NC,North Carolina
NCC027,Caldwell,NC,North Carolina
NCC029,Camden,NC,North Carolina
NCC031,Carteret,NC,North Carolina
NCC033,Caswell,NC,North Carolina
NCC035,Catawba,NC,North Carolina
NCC037,Chatham,NC,North Carolina
NCC039,Cherokee,NC,North Carolina
NCC041,Chowan,NC,North Carolina
NCC043,Clay,NC,North Carolina
NCC045,Cleveland,NC,North Carolina
NCC047,Columbus,NC,North Carolina
NCC049,Craven,NC,North Carolina
NCC051,Cumberland,NC,North Carolina
NCC053,Currituck,NC,North Carolina
NCC057,Davidson,NC,North Carolina
NCC059,Davie,NC,North Carolina
NCC061,Duplin,NC,North Carolina
NCC063,Durham,NC,North Carolina
NCC065,Edgecombe,NC,North Carolina
NCC067,Forsyth,NC,North Carolina
NCC069,Franklin,NC,North Carolina
NCC071,Gaston,NC,North Carolina
NCC073,Gates,NC,North Carolina
NCC075,Graham,NC,North Carolina
NCC077,Granville,NC,North Carolina
NCC079,Greene,NC,North Carolina
NCC081,Guilford,NC,North Carolina
NCC083,Halifax,NC,North Carolina
NCC085,Harnett,NC,North Carolina
NCC087,Haywood,NC,North Carolina
NCC089,Henderson,NC,North Carolina
NCC091,Hertford,NC,North Carolina
NCC093,Hoke,NC,North Carolina
NCC097,Iredell,NC,North Carolina
NCC099,Jackson,NC,North Carolina
NCC101,Johnston,NC,North Carolina
NCC103,Jones,NC,North Carolina
NCC105,Lee,NC,North Carolina
NCC107,Lenoir,NC,North Carolina
NCC109,Lincoln,NC,North Carolina
NCC113,Macon,NC,North Carolina
NCC115,Madison,NC,North Carolina
NCC055,Mainland Dare,NC,North Carolina
NCC117,Martin,NC,North Carolina
NCC111,McDowell,NC,North Carolina
NCC119,Mecklenburg,NC,North Carolina
NCC121,Mitchell,NC,North Carolina
NCC123,Montgomery,NC,North Carolina
NCC125,Moore,NC,North Carolina
NCC127,Nash,NC,North Carolina
NCC129,New Hanover,NC,North Carolina
NCC131,Northampton,NC,North Carolina
NCC133,Onslow,NC,North Carolina
NCC135,Orange,NC,North Carolina
NCC095,Outer Banks Hyde,NC,North Carolina
NCC137,Pamlico,NC,North Carolina
NCC139,Pasquotank,NC,North Carolina
NCC141,Pender,NC,North Carolina
NCC143,Perquimans,NC,North Carolina
NCC145,Person,NC,North Carolina
NCC147,Pitt,NC,North Carolina
NCC149,Polk,NC,North Carolina
NCC151,Randolph,NC,North Carolina
NCC153,Richmond,NC,North Carolina
NCC155,Robeson,NC,North Carolina
NCC157,Rockingham,NC,North Carolina
NCC159,Rowan,NC,North Carolina
NCC161,Rutherford,NC,North Carolina
NCC163,Sampson,NC,North Carolina
NCC165,Scotland,NC,North Carolina
NCC167,Stanly,NC,North Carolina
NCC169,Stokes,NC,North Carolina
NCC171,Surry,NC,North Carolina
NCC173,Swain,NC,North Carolina
NCC175,Transylvania,NC,North Carolina
NCC177,Tyrrell,NC,North Carolina
NCC179,Union,NC,North Carolina
NCC181,Vance,NC,North Carolina
NCC183,Wake,NC,North Carolina
NCC185,Warren,NC,North Carolina
NCC187,Washington,NC,North Carolina
NCC189,Watauga,NC,North Carolina
NCC191,Wayne,NC,North Carolina
NCC193,Wilkes,NC,North Carolina
NCC195,Wilson,NC,North Carolina
NCC197,Yadkin,NC,North Carolina
NCC199,Yancey,NC,North Carolina
NDC001,Adams,ND,North Dakota
NDC003,Barnes,ND,North Dakota
NDC005,Benson,ND,North Dakota
NDC007,Billings,ND,North Dakota
NDC009,Bottineau,ND,North Dakota
NDC011,Bowman,ND,North Dakota
NDC013,Burke,ND,North Dakota
NDC015,Burleigh,ND,North Dakota
NDC017,Cass,ND,North Dakota
NDC019,Cavalier,ND,North Dakota
NDC021,Dickey,ND,North Dakota
NDC023,Divide,ND,North Dakota
NDC025,Dunn,ND,North Dakota
NDC027,Eddy,ND,North Dakota
NDC029,Emmons,ND,North Dakota
NDC031,Foster,ND,North Dakota
NDC033,Golden Valley,ND,North Dakota
NDC035,Grand Forks,ND,North Dakota
NDC037,Grant,ND,North Dakota
NDC039,Griggs,ND,North Dakota
NDC041,Hettinger,ND,North Dakota
NDC043,Kidder,ND,North Dakota
NDC045,LaMoure,ND,North Dakota
NDC047,Logan,ND,North Dakota
NDC049,McHenry,ND,North Dakota
NDC051,McIntosh,ND,North Dakota
NDC053,McKenzie,ND,North Dakota
NDC055,McLean,ND,North Dakota
NDC057,Mercer,ND,North Dakota
NDC059,Morton,ND,North Dakota
NDC061,Mountrail,ND,North Dakota
NDC063,Nelson,ND,North Dakota
NDC065,Oliver,ND,North Dakota
NDC067,Pembina,ND,North Dakota
NDC069,Pierce,ND,North Dakota
NDC071,Ramsey,ND,North Dakota
NDC073,Ransom,ND,North Dakota
NDC075,Renville,ND,North Dakota
NDC077,Richland,ND,North Dakota
NDC079,Rolette,ND,North Dakota
NDC081,Sargent,ND,North Dakota
NDC083,Sheridan,ND,North Dakota
NDC085,Sioux,ND,North Dakota
NDC087,Slope,ND,North Dakota
NDC089,Stark,ND,North Dakota
NDC091,Steele,ND,North Dakota
NDC093,Stutsman,ND,North Dakota
NDC095,Towner,ND,North Dakota
NDC097,Traill,ND,North Dakota
NDC099,Walsh,ND,North Dakota
NDC101,Ward,ND,North Dakota
NDC103,Wells,ND,North Dakota
NDC105,Williams,ND,North Dakota
OHC001,Adams,OH,Ohio
OHC003,Allen,OH,Ohio
OHC005,Ashland,OH,Ohio
OHC007,Ashtabula,OH,Ohio
OHC009,Athens,OH,Ohio
OHC011,Auglaize,OH,Ohio
OHC013,Belmont,OH,Ohio
OHC015,Brown,OH,Ohio
OHC017,Butler,OH,Ohio
OHC019,Carroll,OH,Ohio
OHC021,Champaign,OH,Ohio
OHC023,Clark,OH,Ohio
OHC025,Clermont,OH,Ohio
OHC027,Clinton,OH,Ohio
OHC029,Columbiana,OH,Ohio
OHC031,Coshocton,OH,Ohio
OHC033,Crawford,OH,Ohio
OHC035,Cuyahoga,OH,Ohio
OHC037,Darke,OH,Ohio
OHC039,Defiance,OH,Ohio
OHC041,Delaware,OH,Ohio
OHC043,Erie,OH,Ohio
OHC045,Fairfield,OH,Ohio
OHC047,Fayette,OH,Ohio
OHC049,Franklin,OH,Ohio
OHC051,Fulton,OH,Ohio
OHC053,Gallia,OH,Ohio
OHC055,Geauga,OH,Ohio
OHC057,Greene,OH,Ohio
OHC059,Guernsey,OH,Ohio
OHC061,Hamilton,OH,Ohio
OHC063,Hancock,OH,Ohio
OHC065,Hardin,OH,Ohio
OHC067,Harrison,OH,Ohio
OHC069,Henry,OH,Ohio
OHC071,Highland,OH,Ohio
OHC073,Hocking,OH,Ohio
OHC075,Holmes,OH,Ohio
OHC077,Huron,OH,Ohio
OHC079,Jackson,OH,Ohio
OHC081,Jefferson,OH,Ohio
OHC083,Knox,OH,Ohio
OHC085,Lake,OH,Ohio
OHC087,Lawrence,OH,Ohio
OHC089,Licking,OH,Ohio
OHC091,Logan,OH,Ohio
OHC093,Lorain,OH,Ohio
OHC095,Lucas,OH,Ohio
OHC097,Madison,OH,Ohio
OHC099,Mahoning,OH,Ohio
OHC101,Marion,OH,Ohio
OHC103,Medina,OH,Ohio
OHC105,Meigs,OH,Ohio
OHC107,Mercer,OH,Ohio
OHC109,Miami,OH,Ohio
OHC111,Monroe,OH,Ohio
OHC113,Montgomery,OH,Ohio
OHC115,Morgan,OH,Ohio
OHC117,Morrow,OH,Ohio
OHC119,Muskingum,OH,Ohio
OHC121,Noble,OH,Ohio
OHC123,Ottawa,OH,Ohio
OHC125,Paulding,OH,Ohio
OHC127,Perry,OH,Ohio
OHC129,Pickaway,OH,Ohio
OHC131,Pike,OH,Ohio
OHC133,Portage,OH,Ohio
OHC135,Preble,OH,Ohio
OHC137,Putnam,OH,Ohio
OHC139,Richland,OH,Ohio
OHC141,Ross,OH,Ohio
OHC143,Sandusky,OH,Ohio
OHC145,Scioto,OH,Ohio
OHC147,Seneca,OH,Ohio
OHC149,Shelby,OH,Ohio
OHC151,Stark,OH,Ohio
OHC153,Summit,OH,Ohio
OHC155,Trumbull,OH,Ohio
OHC157,Tuscarawas,OH,Ohio
OHC159,Union,OH,Ohio
OHC161,Van Wert,OH,Ohio
OHC163,Vinton,OH,Ohio
OHC165,Warren,OH,Ohio
OHC167,Washington,OH,Ohio
OHC169,Wayne,OH,Ohio
OHC171,Williams,OH,Ohio
OHC173,Wood,OH,Ohio
OHC175,Wyandot,OH,Ohio
OKC001,Adair,OK,Oklahoma
OKC003,Alfalfa,OK,Oklahoma
OKC005,Atoka,OK,Oklahoma
OKC007,Beaver,OK,Oklahoma
OKC009,Beckham,OK,Oklahoma
OKC011,Blaine,OK,Oklahoma
OKC013,Bryan,OK,Oklahoma
OKC015,Caddo,OK,Oklahoma
OKC017,Canadian,OK,Oklahoma
OKC019,Carter,OK,Oklahoma
OKC021,Cherokee,OK,Oklahoma
OKC023,Choctaw,OK,Oklahoma
OKC025,Cimarron,OK,Oklahoma
OKC027,Cleveland,OK,Oklahoma
OKC029,Coal,OK,Oklahoma
OKC031,Comanche,OK,Oklahoma
OKC033,Cotton,OK,Oklahoma
OKC035,Craig,OK,Oklahoma
OKC037,Creek,OK,Oklahoma
OKC039,Custer,OK,Oklahoma
OKC041,Delaware,OK,Oklahoma
OKC043,Dewey,OK,Oklahoma
OKC045,Ellis,OK,Oklahoma
OKC047,Garfield,OK,Oklahoma
OKC049,Garvin,OK,Oklahoma
OKC051,Grady,OK,Oklahoma
OKC053,Grant,OK,Oklahoma
OKC055,Greer,OK,Oklahoma
OKC057,Harmon,OK,Oklahoma
OKC059,Harper,OK,Oklahoma
OKC061,Haskell,OK,Oklahoma
OKC063,Hughes,OK,Oklahoma
OKC065,Jackson,OK,Oklahoma
OKC067,Jefferson,OK,Oklahoma
OKC069,Johnston,OK,Oklahoma
OKC071,Kay,OK,Oklahoma
OKC073,Kingfisher,OK,Oklahoma
OKC075,Kiowa,OK,Oklahoma
OKC077,Latimer,OK,Oklahoma
OKC079,Le Flore,OK,Oklahoma
OKC081,Lincoln,OK,Oklahoma
OKC083,Logan,OK,Oklahoma
OKC085,Love,OK,Oklahoma
OKC093,Major,OK,Oklahoma
OKC095,Marshall,OK,Oklahoma
OKC097,Mayes,OK,Oklahoma
OKC087,McClain,OK,Oklahoma
OKC089,McCurtain,OK,Oklahoma
OKC091,McIntosh,OK,Oklahoma
OKC099,Murray,OK,Oklahoma
OKC101,Muskogee,OK,Oklahoma
OKC103,Noble,OK,Oklahoma
OKC105,Nowata,OK,Oklahoma
OKC107,Okfuskee,OK,Oklahoma
OKC109,Oklahoma,OK,Oklahoma
OKC111,Okmulgee,OK,Oklahoma
OKC113,Osage,OK,Oklahoma
OKC115,Ottawa,OK,Oklahoma
OKC117,Pawnee,OK,Oklahoma
OKC119,Payne,OK,Oklahoma
OKC121,Pittsburg,OK,Oklahoma
OKC123,Pontotoc,OK,Oklahoma
OKC125,Pottawatomie,OK,Oklahoma
OKC127,Pushmataha,OK,Oklahoma
OKC129,Roger Mills,OK,Oklahoma
OKC131,Rogers,OK,Oklahoma
OKC133,Seminole,OK,Oklahoma
OKC135,Sequoyah,OK,Oklahoma
OKC137,Stephens,OK,Oklahoma
OKC139,Texas,OK,Oklahoma
OKC141,Tillman,OK,Oklahoma
OKC143,Tulsa,OK,Oklahoma
OKC145,Wagoner,OK,Oklahoma
OKC147,Washington,OK,Oklahoma
OKC149,Washita,OK,Oklahoma
OKC151,Woods,OK,Oklahoma
OKC153,Woodward,OK,Oklahoma
ORC001,Baker,OR,Oregon
ORC003,Benton,OR,Oregon
ORC005,Clackamas,OR,Oregon
ORC007,Clatsop,OR,Oregon
ORC009,Columbia,OR,Oregon
ORC011,Coos,OR,Oregon
ORC013,Crook,OR,Oregon
ORC015,Curry,OR,Oregon
ORC017,Deschutes,OR,Oregon
ORC019,Douglas,OR,Oregon
ORC021,Gilliam,OR,Oregon
ORC023,Grant,OR,Oregon
ORC025,Harney,OR,Oregon
ORC027,Hood River,OR,Oregon
ORC029,Jackson,OR,Oregon
ORC031,Jefferson,OR,Oregon
ORC033,Josephine,OR,Oregon
ORC035,Klamath,OR,Oregon
ORC037,Lake,OR,Oregon
ORC039,Lane,OR,Oregon
ORC041,Lincoln,OR,Oregon
ORC043,Linn,OR,Oregon
ORC045,Malheur,OR,Oregon
ORC047,Marion,OR,Oregon
ORC049,Morrow,OR,Oregon
ORC051,Multnomah,OR,Oregon
ORC053,Polk,OR,Oregon
ORC055,Sherman,OR,Oregon
ORC057,Tillamook,OR,Oregon
ORC059,Umatilla,OR,Oregon
ORC061,Union,OR,Oregon
ORC063,Wallowa,OR,Oregon
ORC065,Wasco,OR,Oregon
ORC067,Washington,OR,Oregon
ORC069,Wheeler,OR,Oregon
ORC071,Yamhill,OR,Oregon
PAC001,Adams,PA,Pennsylvania
PAC003,Allegheny,PA,Pennsylvania
PAC005,Armstrong,PA,Pennsylvania
PAC007,Beaver,PA,Pennsylvania
PAC009,Bedford,PA,Pennsylvania
PAC011,Berks,PA,Pennsylvania
PAC013,Blair,PA,Pennsylvania
PAC015,Bradford,PA,Pennsylvania
PAC017,Bucks,PA,Pennsylvania
PAC019,Butler,PA,Pennsylvania
PAC021,Cambria,PA,Pennsylvania
PAC023,Cameron,PA,Pennsylvania
PAC025,Carbon,PA,Pennsylvania
PAC027,Centre,PA,Pennsylvania
PAC029,Chester,PA,Pennsylvania
PAC031,Clarion,PA,Pennsylvania
PAC033,Clearfield,PA,Pennsylvania
PAC035,Clinton,PA,Pennsylvania
PAC037,Columbia,PA,Pennsylvania
PAC039,Crawford,PA,Pennsylvania
PAC041,Cumberland,PA,Pennsylvania
PAC043,Dauphin,PA,Pennsylvania
PAC045,Delaware,PA,Pennsylvania
PAC047,Elk,PA,Pennsylvania
PAC049,Erie,PA,Pennsylvania
PAC051,Fayette,PA,Pennsylvania
PAC053,Forest,PA,Pennsylvania
PAC055,Franklin,PA,Pennsylvania
PAC057,Fulton,PA,Pennsylvania
PAC059,Greene,PA,Pennsylvania
PAC061,Huntingdon,PA,Pennsylvania
PAC063,Indiana,PA,Pennsylvania
PAC065,Jefferson,PA,Pennsylvania
PAC067,Juniata,PA,Pennsylvania
PAC069,Lackawanna,PA,Pennsylvania
PAC071,Lancaster,PA,Pennsylvania
PAC073,Lawrence,PA,Pennsylvania
PAC075,Lebanon,PA,Pennsylvania
PAC077,Lehigh,PA,Pennsylvania
PAC079,Luzerne,PA,Pennsylvania
PAC081,Lycoming,PA,Pennsylvania
PAC083,McKean,PA,Pennsylvania
PAC085,Mercer,PA,Pennsylvania
PAC087,Mifflin,PA,Pennsylvania
PAC089,Monroe,PA,Pennsylvania
PAC091,Montgomery,PA,Pennsylvania
PAC093,Montour,PA,Pennsylvania
PAC095,Northampton,PA,Pennsylvania
PAC097,Northumberland,PA,Pennsylvania
PAC099,Perry,PA,Pennsylvania
PAC101,Philadelphia,PA,Pennsylvania
PAC103,Pike,PA,Pennsylvania
PAC105,Potter,PA,Pennsylvania
PAC107,Schuylkill,PA,Pennsylvania
PAC109,Snyder,PA,Pennsylvania
PAC111,Somerset,PA,Pennsylvania
PAC113,Sullivan,PA,Pennsylvania
PAC115,Susquehanna,PA,Pennsylvania
PAC117,Tioga,PA,Pennsylvania
PAC119,Union,PA,Pennsylvania
PAC121,Venango,PA,Pennsylvania
PAC123,Warren,PA,Pennsylvania
PAC125,Washington,PA,Pennsylvania
PAC127,Wayne,PA,Pennsylvania
PAC129,Westmoreland,PA,Pennsylvania
PAC131,Wyoming,PA,Pennsylvania
PAC133,York,PA,Pennsylvania
PRC001,Adjuntas,PR,Puerto Rico
PRC003,Aguada,PR,Puerto Rico
PRC005,Aguadilla,PR,Puerto Rico
PRC007,Aguas Buenas,PR,Puerto Rico
PRC009,Aibonito,PR,Puerto Rico
PRC011,Anasco,PR,Puerto Rico
PRC013,Arecibo,PR,Puerto Rico
PRC015,Arroyo,PR,Puerto Rico
PRC017,Barceloneta,PR,Puerto Rico
PRC019,Barranquitas,PR,Puerto Rico
PRC021,Bayamon,PR,Puerto Rico
PRC023,Cabo Rojo,PR,Puerto Rico
PRC025,Caguas,PR,Puerto Rico
PRC027,Camuy,PR,Puerto Rico
PRC029,Canovanas,PR,Puerto Rico
PRC031,Carolina,PR,Puerto Rico
PRC033,Catano,PR,Puerto Rico
PRC035,Cayey,PR,Puerto Rico
PRC037,Ceiba,PR,Puerto Rico
PRC039,Ciales,PR,Puerto Rico
PRC041,Cidra,PR,Puerto Rico
PRC043,Coamo,PR,Puerto Rico
PRC045,Comerio,PR,Puerto Rico
PRC047,Corozal,PR,Puerto Rico
PRC049,Culebra,PR,Puerto Rico
PRC051,Dorado,PR,Puerto Rico
PRC053,Fajardo,PR,Puerto Rico
PRC054,Florida,PR,Puerto Rico
PRC055,Guanica,PR,Puerto Rico
PRC057,Guayama,PR,Puerto Rico
PRC059,Guayanilla,PR,Puerto Rico
PRC061,Guaynabo,PR,Puerto Rico
PRC063,Gurabo,PR,Puerto Rico
PRC065,Hatillo,PR,Puerto Rico
PRC067,Hormigueros,PR,Puerto Rico
PRC069,Humacao,PR,Puerto Rico
PRC071,Isabela,PR,Puerto Rico
PRC073,Jayuya,PR,Puerto Rico
PRC075,Juana Diaz,PR,Puerto Rico
PRC077,Juncos,PR,Puerto Rico
PRC079,Lajas,PR,Puerto Rico
PRC081,Lares,PR,Puerto Rico
PRC083,Las Marias,PR,Puerto Rico
PRC085,Las Piedras,PR,Puerto Rico
PRC087,Loiza,PR,Puerto Rico
PRC089,Luquillo,PR,Puerto Rico
PRC091,Manati,PR,Puerto Rico
PRC093,Maricao,PR,Puerto Rico
PRC095,Maunabo,PR,Puerto Rico
PRC097,Mayaguez,PR,Puerto Rico
PRC099,Moca,PR,Puerto Rico
PRC101,Morovis,PR,Puerto Rico
PRC103,Naguabo,PR,Puerto Rico
PRC105,Naranjito,PR,Puerto Rico
PRC107,Orocovis,PR,Puerto Rico
PRC109,Patillas,PR,Puerto Rico
PRC111,Penuelas,PR,Puerto Rico
PRC113,Ponce,PR,Puerto Rico
PRC115,Quebradillas,PR,Puerto Rico
PRC117,Rincon,PR,Puerto Rico
PRC119,Rio Grande,PR,Puerto Rico
PRC121,Sabana Grande,PR,Puerto Rico
PRC123,Salinas,PR,Puerto Rico
PRC125,San German,PR,Puerto Rico
PRC127,San Juan,PR,Puerto Rico
PRC129,San Lorenzo,PR,Puerto Rico
PRC131,San Sebastian,PR,Puerto Rico
PRC133,Santa Isabel,PR,Puerto Rico
PRC135,Toa Alta,PR,Puerto Rico
PRC137,Toa Baja,PR,Puerto Rico
PRC139,Trujillo Alto,PR,Puerto Rico
PRC141,Utuado,PR,Puerto Rico
PRC143,Vega Alta,PR,Puerto Rico
PRC145,Vega Baja,PR,Puerto Rico
PRC147,Vieques,PR,Puerto Rico
PRC149,Villalba,PR,Puerto Rico
PRC151,Yabucoa,PR,Puerto Rico
PRC153,Yauco,PR,Puerto Rico
RIC001,Bristol,RI,Rhode Island
RIC003,Kent,RI,Rhode Island
RIC005,Newport,RI,Rhode Island
RIC007,Providence,RI,Rhode Island
RIC009,Washington,RI,Rhode Island
SCC001,Abbeville,SC,South Carolina
SCC003,Aiken,SC,South Carolina
SCC005,Allendale,SC,South Carolina
SCC007,Anderson,SC,South Carolina
SCC009,Bamberg,SC,South Carolina
SCC011,Barnwell,SC,South Carolina
SCC013,Beaufort,SC,South Carolina
SCC015,Berkeley,SC,South Carolina
SCC017,Calhoun,SC,South Carolina
SCC019,Charleston,SC,South Carolina
SCC021,Cherokee,SC,South Carolina
SCC023,Chester,SC,South Carolina
SCC025,Chesterfield,SC,South Carolina
SCC027,Clarendon,SC,South Carolina
SCC029,Colleton,SC,South Carolina
SCC031,Darlington,SC,South Carolina
SCC033,Dillon,SC,South Carolina
SCC035,Dorchester,SC,South Carolina
SCC037,Edgefield,SC,South Carolina
SCC039,Fairfield,SC,South Carolina
SCC041,Florence,SC,South Carolina
SCC043,Georgetown,SC,South Carolina
SCC045,Greenville,SC,South Carolina
SCC047,Greenwood,SC,South Carolina
SCC049,Hampton,SC,South Carolina
SCC051,Horry,SC,South Carolina
SCC053,Jasper,SC,South Carolina
SCC055,Kershaw,SC,South Carolina
SCC057,Lancaster,SC,South Carolina
SCC059,Laurens,SC,South Carolina
SCC061,Lee,SC,South Carolina
SCC063,Lexington,SC,South Carolina
SCC067,Marion,SC,South Carolina
SCC069,Marlboro,SC,South Carolina
SCC065,McCormick,SC,South Carolina
SCC071,Newberry,SC,South Carolina
SCC073,Oconee,SC,South Carolina
SCC075,Orangeburg,SC,South Carolina
SCC077,Pickens,SC,South Carolina
SCC079,Richland,SC,South Carolina
SCC081,Saluda,SC,South Carolina
SCC083,Spartanburg,SC,South Carolina
SCC085,Sumter,SC,South Carolina
SCC087,Union,SC,South Carolina
SCC089,Williamsburg,SC,South Carolina
SCC091,York,SC,South Carolina
SDC003,Aurora,SD,South Dakota
SDC005,Beadle,SD,South Dakota
SDC007,Bennett,SD,South Dakota
SDC009,Bon Homme,SD,South Dakota
SDC011,Brookings,SD,South Dakota
SDC013,Brown,SD,South Dakota
SDC015,Brule,SD,South Dakota
SDC017,Buffalo,SD,South Dakota
SDC019,Butte,SD,South Dakota
SDC021,Campbell,SD,South Dakota
SDC023,Charles Mix,SD,South Dakota
SDC025,Clark,SD,South Dakota
SDC027,Clay,SD,South Dakota
SDC029,Codington,SD,South Dakota
SDC031,Corson,SD,South Dakota
SDC033,Custer,SD,South Dakota
SDC035,Davison,SD,South Dakota
SDC037,Day,SD,South Dakota
SDC039,Deuel,SD,South Dakota
SDC041,Dewey,SD,South Dakota
SDC043,Douglas,SD,South Dakota
SDC045,Edmunds,SD,South Dakota
SDC047,Fall River,SD,South Dakota
SDC049,Faulk,SD,South Dakota
SDC051,Grant,SD,South Dakota
SDC053,Gregory,SD,South Dakota
SDC055,Haakon,SD,South Dakota
SDC057,Hamlin,SD,South Dakota
SDC059,Hand,SD,South Dakota
SDC061,Hanson,SD,South Dakota
SDC063,Harding,SD,South Dakota
SDC065,Hughes,SD,South Dakota
SDC067,Hutchinson,SD,South Dakota
SDC069,Hyde,SD,South Dakota
SDC071,Jackson,SD,South Dakota
SDC073,Jerauld,SD,South Dakota
SDC075,Jones,SD,South Dakota
SDC077,Kingsbury,SD,South Dakota
SDC079,Lake,SD,South Dakota
SDC081,Lawrence,SD,South Dakota
SDC083,Lincoln,SD,South Dakota
SDC085,Lyman,SD,South Dakota
SDC091,Marshall,SD,South Dakota
SDC087,McCook,SD,South Dakota
SDC089,McPherson,SD,South Dakota
SDC093,Meade,SD,South Dakota
SDC095,Mellette,SD,South Dakota
SDC097,Miner,SD,South Dakota
SDC099,Minnehaha,SD,South Dakota
SDC101,Moody,SD,South Dakota
SDC102,Oglala Lakota,SD,South Dakota
SDC103,Pennington,SD,South Dakota
SDC105,Perkins,SD,South Dakota
SDC107,Potter,SD,South Dakota
SDC109,Roberts,SD,South Dakota
SDC111,Sanborn,SD,South Dakota
SDC115,Spink,SD,South Dakota
SDC117,Stanley,SD,South Dakota
SDC119,Sully,SD,South Dakota
SDC121,Todd,SD,South Dakota
SDC123,Tripp,SD,South Dakota
SDC125,Turner,SD,South Dakota
SDC127,Union,SD,South Dakota
SDC129,Walworth,SD,South Dakota
SDC135,Yankton,SD,South Dakota
SDC137,Ziebach,SD,South Dakota
TNC001,Anderson,TN,Tennessee
TNC003,Bedford,TN,Tennessee
TNC005,Benton,TN,Tennessee
TNC007,Bledsoe,TN,Tennessee
TNC009,Blount,TN,Tennessee
TNC011,Bradley,TN,Tennessee
TNC013,Campbell,TN,Tennessee
TNC015,Cannon,TN,Tennessee
TNC017,Carroll,TN,Tennessee
TNC019,Carter,TN,Tennessee
TNC021,Cheatham,TN,Tennessee
TNC023,Chester,TN,Tennessee
TNC025,Claiborne,TN,Tennessee
TNC027,Clay,TN,Tennessee
TNC029,Cocke,TN,Tennessee
TNC031,Coffee,TN,Tennessee
TNC033,Crockett,TN,Tennessee
TNC035,Cumberland,TN,Tennessee
TNC037,Davidson,TN,Tennessee
TNC041,De Kalb,TN,Tennessee
TNC039,Decatur,TN,Tennessee
TNC043,Dickson,TN,Tennessee
TNC045,Dyer,TN,Tennessee
TNC047,Fayette,TN,Tennessee
TNC049,Fentress,TN,Tennessee
TNC051,Franklin,TN,Tennessee
TNC053,Gibson,TN,Tennessee
TNC055,Giles,TN,Tennessee
TNC057,Grainger,TN,Tennessee
TNC059,Greene,TN,Tennessee
TNC061,Grundy,TN,Tennessee
TNC063,Hamblen,TN,Tennessee
TNC065,Hamilton,TN,Tennessee
TNC067,Hancock,TN,Tennessee
TNC069,Hardeman,TN,Tennessee
TNC071,Hardin,TN,Tennessee
TNC073,Hawkins,TN,Tennessee
TNC075,Haywood,TN,Tennessee
TNC077,Henderson,TN,Tennessee
TNC079,Henry,TN,Tennessee
TNC081,Hickman,TN,Tennessee
TNC083,Houston,TN,Tennessee
TNC085,Humphreys,TN,Tennessee
TNC087,Jackson,TN,Tennessee
TNC089,Jefferson,TN,Tennessee
TNC091,Johnson,TN,Tennessee
TNC093,Knox,TN,Tennessee
TNC095,Lake,TN,Tennessee
TNC097,Lauderdale,TN,Tennessee
TNC099,Lawrence,TN,Tennessee
TNC101,Lewis,TN,Tennessee
TNC103,Lincoln,TN,Tennessee
TNC105,Loudon,TN,Tennessee
TNC111,Macon,TN,Tennessee
TNC113,Madison,TN,Tennessee
TNC115,Marion,TN,Tennessee
TNC117,Marshall,TN,Tennessee
TNC119,Maury,TN,Tennessee
TNC107,McMinn,TN,Tennessee
TNC109,McNairy,TN,Tennessee
TNC121,Meigs,TN,Tennessee
TNC123,Monroe,TN,Tennessee
TNC125,Montgomery,TN,Tennessee
TNC127,Moore,TN,Tennessee
TNC129,Morgan,TN,Tennessee
TNC131,Obion,TN,Tennessee
TNC133,Overton,TN,Tennessee
TNC135,Perry,TN,Tennessee
TNC137,Pickett,TN,Tennessee
TNC139,Polk,TN,Tennessee
TNC141,Putnam,TN,Tennessee
TNC143,Rhea,TN,Tennessee
TNC145,Roane,TN,Tennessee
TNC147,Robertson,TN,Tennessee
TNC149,Rutherford,TN,Tennessee
TNC151,Scott,TN,Tennessee
TNC153,Sequatchie,TN,Tennessee
TNC155,Sevier,TN,Tennessee
TNC157,Shelby,TN,Tennessee
TNC159,Smith,TN,Tennessee
TNC161,Stewart,TN,Tennessee
TNC163,Sullivan,TN,Tennessee
TNC165,Sumner,TN,Tennessee
TNC167,Tipton,TN,Tennessee
TNC169,Trousdale,TN,Tennessee
TNC171,Unicoi,TN,Tennessee
TNC173,Union,TN,Tennessee
TNC175,Van Buren,TN,Tennessee
TNC177,Warren,TN,Tennessee
TNC179,Washington,TN,Tennessee
TNC181,Wayne,TN,Tennessee
TNC183,Weakley,TN,Tennessee
TNC185,White,TN,Tennessee
TNC187,Williamson,TN,Tennessee
TNC189,Wilson,TN,Tennessee
TXC001,Anderson,TX,Texas
TXC003,Andrews,TX,Texas
TXC005,Angelina,TX,Texas
TXC007,Aransas,TX,Texas
TXC009,Archer,TX,Texas
TXC011,Armstrong,TX,Texas
TXC013,Atascosa,TX,Texas
TXC015,Austin,TX,Texas
TXC017,Bailey,TX,Texas
TXC019,Bandera,TX,Texas
TXC021,Bastrop,TX,Texas
TXC023,Baylor,TX,Texas
TXC025,Bee,TX,Texas
TXC027,Bell,TX,Texas
TXC029,Bexar,TX,Texas
TXC031,Blanco,TX,Texas
TXC033,Borden,TX,Texas
TXC035,Bosque,TX,Texas
TXC037,Bowie,TX,Texas
TXC039,Brazoria,TX,Texas
TXC041,Brazos,TX,Texas
TXC043,Brewster,TX,Texas
TXC045,Briscoe,TX,Texas
TXC047,Brooks,TX,Texas
TXC049,Brown,TX,Texas
TXC051,Burleson,TX,Texas
TXC053,Burnet,TX,Texas
TXC055,Caldwell,TX,Texas
TXC057,Calhoun,TX,Texas
TXC059,Callahan,TX,Texas
TXC061,Cameron,TX,Texas
TXC063,Camp,TX,Texas
TXC065,Carson,TX,Texas
TXC067,Cass,TX,Texas
TXC069,Castro,TX,Texas
TXC071,Chambers,TX,Texas
TXC073,Cherokee,TX,Texas
TXC075,Childress,TX,Texas
TXC077,Clay,TX,Texas
TXC079,Cochran,TX,Texas
TXC081,Coke,TX,Texas
TXC083,Coleman,TX,Texas
TXC085,Collin,TX,Texas
TXC087,Collingsworth,TX,Texas
TXC089,Colorado,TX,Texas
TXC091,Comal,TX,Texas
TXC093,Comanche,TX,Texas
TXC095,Concho,TX,Texas
TXC097,Cooke,TX,Texas
TXC099,Coryell,TX,Texas
TXC101,Cottle,TX,Texas
TXC103,Crane,TX,Texas
TXC105,Crockett,TX,Texas
TXC107,Crosby,TX,Texas
TXC109,Culberson,TX,Texas
TXC111,Dallam,TX,Texas
TXC113,Dallas,TX,Texas
TXC115,Dawson,TX,Texas
TXC123,DeWitt,TX,Texas
TXC117,Deaf Smith,TX,Texas
TXC119,Delta,TX,Texas
TXC121,Denton,TX,Texas
TXC125,Dickens,TX,Texas
TXC127,Dimmit,TX,Texas
TXC129,Donley,TX,Texas
TXC131,Duval,TX,Texas
TXC133,Eastland,TX,Texas
TXC135,Ector,TX,Texas
TXC137,Edwards,TX,Texas
TXC141,El Paso,TX,Texas
TXC139,Ellis,TX,Texas
TXC143,Erath,TX,Texas
TXC145,Falls,TX,Texas
TXC147,Fannin,TX,Texas
TXC149,Fayette,TX,Texas
TXC151,Fisher,TX,Texas
TXC153,Floyd,TX,Texas
TXC155,Foard,TX,Texas
TXC157,Fort Bend,TX,Texas
TXC159,Franklin,TX,Texas
TXC161,Freestone,TX,Texas
TXC163,Frio,TX,Texas
TXC165,Gaines,TX,Texas
TXC167,Galveston,TX,Texas
TXC169,Garza,TX,Texas
TXC171,Gillespie,TX,Texas
TXC173,Glasscock,TX,Texas
TXC175,Goliad,TX,Texas
TXC177,Gonzales,TX,Texas
TXC179,Gray,TX,Texas
TXC181,Grayson,TX,Texas
TXC183,Gregg,TX,Texas
TXC185,Grimes,TX,Texas
TXC187,Guadalupe,TX,Texas
TXC189,Hale,TX,Texas
TXC191,Hall,TX,Texas
TXC193,Hamilton,TX,Texas
TXC195,Hansford,TX,Texas
TXC197,Hardeman,TX,Texas
TXC199,Hardin,TX,Texas
TXC201,Harris,TX,Texas
TXC203,Harrison,TX,Texas
TXC205,Hartley,TX,Texas
TXC207,Haskell,TX,Texas
TXC209,Hays,TX,Texas
TXC211,Hemphill,TX,Texas
TXC213,Henderson,TX,Texas
TXC215,Hidalgo,TX,Texas
TXC217,Hill,TX,Texas
TXC219,Hockley,TX,Texas
TXC221,Hood,TX,Texas
TXC223,Hopkins,TX,Texas
TXC225,Houston,TX,Texas
TXC227,Howard,TX,Texas
TXC229,Hudspeth,TX,Texas
TXC231,Hunt,TX,Texas
TXC233,Hutchinson,TX,Texas
TXC235,Irion,TX,Texas
TXC237,Jack,TX,Texas
TXC239,Jackson,TX,Texas
TXC241,Jasper,TX,Texas
TXC243,Jeff Davis,TX,Texas
TXC245,Jefferson,TX,Texas
TXC247,Jim Hogg,TX,Texas
TXC249,Jim Wells,TX,Texas
TXC251,Johnson,TX,Texas
TXC253,Jones,TX,Texas
TXC255,Karnes,TX,Texas
TXC257,Kaufman,TX,Texas
TXC259,Kendall,TX,Texas
TXC261,Kenedy,TX,Texas
TXC263,Kent,TX,Texas
TXC265,Kerr,TX,Texas
TXC267,Kimble,TX,Texas
TXC269,King,TX,Texas
TXC271,Kinney,TX,Texas
TXC273,Kleberg,TX,Texas
TXC275,Knox,TX,Texas
TXC283,La Salle,TX,Texas
TXC277,Lamar,TX,Texas
TXC279,Lamb,TX,Texas
TXC281,Lampasas,TX,Texas
TXC285,Lavaca,TX,Texas
TXC287,Lee,TX,Texas
TXC289,Leon,TX,Texas
TXC291,Liberty,TX,Texas
TXC293,Limestone,TX,Texas
TXC295,Lipscomb,TX,Texas
TXC297,Live Oak,TX,Texas
TXC299,Llano,TX,Texas
TXC301,Loving,TX,Texas
TXC303,Lubbock,TX,Texas
TXC305,Lynn,TX,Texas
TXC313,Madison,TX,Texas
TXC315,Marion,TX,Texas
TXC317,Martin,TX,Texas
TXC319,Mason,TX,Texas
TXC321,Matagorda,TX,Texas
TXC323,Maverick,TX,Texas
TXC307,McCulloch,TX,Texas
TXC309,McLennan,TX,Texas
TXC311,McMullen,TX,Texas
TXC325,Medina,TX,Texas
TXC327,Menard,TX,Texas
TXC329,Midland,TX,Texas
TXC331,Milam,TX,Texas
TXC333,Mills,TX,Texas
TXC335,Mitchell,TX,Texas
TXC337,Montague,TX,Texas
TXC339,Montgomery,TX,Texas
TXC341,Moore,TX,Texas
TXC343,Morris,TX,Texas
TXC345,Motley,TX,Texas
TXC347,Nacogdoches,TX,Texas
TXC349,Navarro,TX,Texas
TXC351,Newton,TX,Texas
TXC353,Nolan,TX,Texas
TXC355,Nueces,TX,Texas
TXC357,Ochiltree,TX,Texas
TXC359,Oldham,TX,Texas
TXC361,Orange,TX,Texas
TXC363,Palo Pinto,TX,Texas
TXC365,Panola,TX,Texas
TXC367,Parker,TX,Texas
TXC369,Parmer,TX,Texas
TXC371,Pecos,TX,Texas
TXC373,Polk,TX,Texas
TXC375,Potter,TX,Texas
TXC377,Presidio,TX,Texas
TXC379,Rains,TX,Texas
TXC381,Randall,TX,Texas
TXC383,Reagan,TX,Texas
TXC385,Real,TX,Texas
TXC387,Red River,TX,Texas
TXC389,Reeves,TX,Texas
TXC391,Refugio,TX,Texas
TXC393,Roberts,TX,Texas
TXC395,Robertson,TX,Texas
TXC397,Rockwall,TX,Texas
TXC399,Runnels,TX,Texas
TXC401,Rusk,TX,Texas
TXC403,Sabine,TX,Texas
TXC405,San Augustine,TX,Texas
TXC407,San Jacinto,TX,Texas
TXC409,San Patricio,TX,Texas
TXC411,San Saba,TX,Texas
TXC413,Schleicher,TX,Texas
TXC415,Scurry,TX,Texas
TXC417,Shackelford,TX,Texas
TXC419,Shelby,TX,Texas
TXC421,Sherman,TX,Texas
TXC423,Smith,TX,Texas
TXC425,Somervell,TX,Texas
TXC427,Starr,TX,Texas
TXC429,Stephens,TX,Texas
TXC431,Sterling,TX,Texas
TXC433,Stonewall,TX,Texas
TXC435,Sutton,TX,Texas
TXC437,Swisher,TX,Texas
TXC439,Tarrant,TX,Texas
TXC441,Taylor,TX,Texas
TXC443,Terrell,TX,Texas
TXC445,Terry,TX,Texas
TXC447,Throckmorton,TX,Texas
TXC449,Titus,TX,Texas
TXC451,Tom Green,TX,Texas
TXC453,Travis,TX,Texas
TXC455,Trinity,TX,Texas
TXC457,Tyler,TX,Texas
TXC459,Upshur,TX,Texas
TXC461,Upton,TX,Texas
TXC463,Uvalde,TX,Texas
TXC465,Val Verde,TX,Texas
TXC467,Van Zandt,TX,Texas
TXC469,Victoria,TX,Texas
TXC471,Walker,TX,Texas
TXC473,Waller,TX,Texas
TXC475,Ward,TX,Texas
TXC477,Washington,TX,Texas
TXC479,Webb,TX,Texas
TXC481,Wharton,TX,Texas
TXC483,Wheeler,TX,Texas
TXC485,Wichita,TX,Texas
TXC487,Wilbarger,TX,Texas
TXC489,Willacy,TX,Texas
TXC491,Williamson,TX,Texas
TXC493,Wilson,TX,Texas
TXC495,Winkler,TX,Texas
TXC497,Wise,TX,Texas
TXC499,Wood,TX,Texas
TXC501,Yoakum,TX,Texas
TXC503,Young,TX,Texas
TXC505,Zapata,TX,Texas
TXC507,Zavala,TX,Texas
UTC001,Beaver,UT,Utah
UTC003,Box Elder,UT,Utah
UTC005,Cache,UT,Utah
UTC007,Carbon,UT,Utah
UTC009,Daggett,UT,Utah
UTC011,Davis,UT,Utah
UTC013,Duchesne,UT,Utah
UTC015,Emery,UT,Utah
UTC017,Garfield,UT,Utah
UTC019,Grand,UT,Utah
UTC021,Iron,UT,Utah
UTC023,Juab,UT,Utah
UTC025,Kane,UT,Utah
UTC027,Millard,UT,Utah
UTC029,Morgan,UT,Utah
UTC031,Piute,UT,Utah
UTC033,Rich,UT,Utah
UTC035,Salt Lake,UT,Utah
UTC037,San Juan,UT,Utah
UTC039,Sanpete,UT,Utah
UTC041,Sevier,UT,Utah
UTC043,Summit,UT,Utah
UTC045,Tooele,UT,Utah
UTC047,Uintah,UT,Utah
UTC049,Utah,UT,Utah
UTC051,Wasatch,UT,Utah
UTC053,Washington,UT,Utah
UTC055,Wayne,UT,Utah
UTC057,Weber,UT,Utah
VTC001,Addison,VT,Vermont
VTC003,Bennington,VT,Vermont
VTC005,Caledonia,VT,Vermont
VTC007,Chittenden,VT,Vermont
VTC009,Essex,VT,Vermont
VTC011,Franklin,VT,Vermont
VTC013,Grand Isle,VT,Vermont
VTC015,Lamoille,VT,Vermont
VTC017,Orange,VT,Vermont
VTC019,Orleans,VT,Vermont
VTC021,Rutland,VT,Vermont
VTC023,Washington,VT,Vermont
VTC025,Windham,VT,Vermont
VTC027,Windsor,VT,Vermont
VIC010,Saint Croix,VI,Virgin Islands
VIC020,Saint John,VI,Virgin Islands
VIC030,Saint Thomas,VI,Virgin Islands
WIC001,Adams,WI,Wisconsin
WIC003,Ashland,WI,Wisconsin
WIC005,Barron,WI,Wisconsin
WIC007,Bayfield,WI,Wisconsin
WIC009,Brown,WI,Wisconsin
WIC011,Buffalo,WI,Wisconsin
WIC013,Burnett,WI,Wisconsin
WIC015,Calumet,WI,Wisconsin
WIC017,Chippewa,WI,Wisconsin
WIC019,Clark,WI,Wisconsin
WIC021,Columbia,WI,Wisconsin
WIC023,Crawford,WI,Wisconsin
WIC025,Dane,WI,Wisconsin
WIC027,Dodge,WI,Wisconsin
WIC029,Door,WI,Wisconsin
WIC031,Douglas,WI,Wisconsin
WIC033,Dunn,WI,Wisconsin
WIC035,Eau Claire,WI,Wisconsin
WIC037,Florence,WI,Wisconsin
WIC039,Fond du Lac,WI,Wisconsin
WIC041,Forest,WI,Wisconsin
WIC043,Grant,WI,Wisconsin
WIC045,Green,WI,Wisconsin
WIC047,Green Lake,WI,Wisconsin
WIC049,Iowa,WI,Wisconsin
WIC051,Iron,WI,Wisconsin
WIC053,Jackson,WI,Wisconsin
WIC055,Jefferson,WI,Wisconsin
WIC057,Juneau,WI,Wisconsin
WIC059,Kenosha,WI,Wisconsin
WIC061,Kewaunee,WI,Wisconsin
WIC063,La Crosse,WI,Wisconsin
WIC065,Lafayette,WI,Wisconsin
WIC067,Langlade,WI,Wisconsin
WIC069,Lincoln,WI,Wisconsin
WIC071,Manitowoc,WI,Wisconsin
WIC073,Marathon,WI,Wisconsin
WIC075,Marinette,WI,Wisconsin
WIC077,Marquette,WI,Wisconsin
WIC078,Menominee,WI,Wisconsin
WIC079,Milwaukee,WI,Wisconsin
WIC081,Monroe,WI,Wisconsin
WIC083,Oconto,WI,Wisconsin
WIC085,Oneida,WI,Wisconsin
WIC087,Outagamie,WI,Wisconsin
WIC089,Ozaukee,WI,Wisconsin
WIC091,Pepin,WI,Wisconsin
WIC093,Pierce,WI,Wisconsin
WIC095,Polk,WI,Wisconsin
WIC097,Portage,WI,Wisconsin
WIC099,Price,WI,Wisconsin
WIC101,Racine,WI,Wisconsin
WIC103,Richland,WI,Wisconsin
WIC105,Rock,WI,Wisconsin
WIC107,Rusk,WI,Wisconsin
WIC111,Sauk,WI,Wisconsin
WIC113,Sawyer,WI,Wisconsin
WIC115,Shawano,WI,Wisconsin
WIC117,Sheboygan,WI,Wisconsin
WIC109,St. Croix,WI,Wisconsin
WIC119,Taylor,WI,Wisconsin
WIC121,Trempealeau,WI,Wisconsin
WIC123,Vernon,WI,Wisconsin
WIC125,Vilas,WI,Wisconsin
WIC127,Walworth,WI,Wisconsin
WIC129,Washburn,WI,Wisconsin
WIC131,Washington,WI,Wisconsin
WIC133,Waukesha,WI,Wisconsin
WIC135,Waupaca,WI,Wisconsin
WIC137,Waushara,WI,Wisconsin
WIC139,Winnebago,WI,Wisconsin
WIC141,Wood,WI,Wisconsin
WYC001,Albany,WY,Wyoming
WYC003,Big Horn,WY,Wyoming
WYC005,Campbell,WY,Wyoming
WYC007,Carbon,WY,Wyoming
WYC009,Converse,WY,Wyoming
WYC011,Crook,WY,Wyoming
WYC013,Fremont,WY,Wyoming
WYC015,Goshen,WY,Wyoming
WYC017,Hot Springs,WY,Wyoming
WYC019,Johnson,WY,Wyoming
WYC021,Laramie,WY,Wyoming
WYC023,Lincoln,WY,Wyoming
WYC025,Natrona,WY,Wyoming
WYC027,Niobrara,WY,Wyoming
WYC029,Park,WY,Wyoming
WYC031,Platte,WY,Wyoming
WYC033,Sheridan,WY,Wyoming
WYC035,Sublette,WY,Wyoming
WYC037,Sweetwater,WY,Wyoming
WYC039,Teton,WY,Wyoming
WYC041,Uinta,WY,Wyoming
WYC043,Washakie,WY,Wyoming
WYC045,Weston,WY,Wyoming
